step,meas,filtered,pi_b,mu
0.01,7.84619862410488,4.69984865697848,-5.2757957853061e-17,-1.28212796513224e-18
0.05,12.1263205082557,6.74407235701929,-0.0379583019348341,-0.067376105305768
0.09,10.3170175712476,5.56158175946076,-0.876548349566363,-1.02995036396241
0.13,0.428401560442871,1.19890931084495,-2.69812638975489,-3.11918553848363
0.17,-9.42804142785631,-4.93100316277485,-5.92365507810827,-6.77581450002969
0.21,-12.8190419096418,-10.7265160365703,-11.8716975821475,-11.7335631461665
0.25,-14.0219989111673,-14.4155446166348,-12.4875785770279,-11.920392584393
0.29,-11.101740259129,-15.3550144253199,-11.9854211791092,-12.1684995378708
0.33,-12.8340507246625,-14.1950500293959,-12.018930920922,-12.2784803474641
0.37,-14.3202631623265,-12.3698514306132,-12.4376380121545,-12.2743696377417
0.41,-17.9482925934283,-11.255264106222,-12.5703789664657,-12.4092220410037
0.45,-6.07278745225233,-11.4867117126968,-12.7176443989325,-12.7459501031634
0.49,-8.76592163885299,-12.7865002825287,-13.0443954089865,-13.1715112124018
0.53,-6.06301574071014,-14.318572944902,-13.486477476585,-13.5778862970461
0.57,-9.86303020378089,-15.2863857364664,-13.8925336345698,-13.9711630505135
0.61,-14.1446111215941,-15.3920608800816,-14.2491212354698,-14.3917114287099
0.65,-14.3264432559702,-14.9154585013126,-14.6337006729222,-14.828332430856
0.69,-15.1999156828048,-14.4348972500425,-15.0684702672331,-15.2608740753691
0.73,-12.9312061182414,-14.4212325374615,-15.5962333437102,-15.7492278476398
0.77,-10.4732904842062,-14.9739243123871,-15.9890603640103,-16.1804008140204
0.81,-15.7868625739829,-15.8348084856404,-16.3436407413109,-16.5984786617168
0.85,-20.200814458344,-16.6205097144967,-16.7945881251473,-17.0727828738701
0.89,-11.3950844522193,-17.0885116998146,-17.2849244382532,-17.5511882984609
0.93,-21.9119711869629,-17.2628396673626,-17.7746039801509,-18.0730254089762
0.97,-14.2574598175767,-17.3644735683509,-18.2511989240913,-18.6415954505759
1.01,-21.9810920614463,-17.6260658559016,-18.7404247285905,-19.1936097020001
1.05,-13.6792997820676,-18.1318599468151,-19.2512992126528,-19.7191776994377
1.09,-16.4741349973538,-18.7839785962262,-19.7686823220922,-20.2601482977491
1.13,-20.9923200748484,-19.3970033579729,-20.2838214755388,-20.8262672950796
1.17,-15.814462882347,-19.8377721405319,-20.8036190568306,-21.4009022945336
1.21,-17.246601017035,-20.1099563604652,-21.3343823348963,-21.9806238373324
1.25,-17.3972707583641,-20.3344969736417,-21.8734310599672,-22.5718157501625
1.29,-17.420063283988,-20.6533418204903,-22.4168796546625,-23.1740718950124
1.33,-25.6011310634393,-21.1312008615972,-22.9658909614705,-23.7833138027355
1.37,-21.8775929710509,-21.7211655507077,-23.5234223379033,-24.399008982825
1.41,-20.9166653061453,-22.3087687969734,-24.0900563068625,-25.0221178611715
1.45,-23.6296071504791,-22.795137725806,-24.6649991862297,-25.6518840245246
1.49,-29.9254542131266,-23.1592821156075,-25.2485551291759,-26.287093811288
1.53,-22.3170679205518,-23.461325782075,-25.8420064913528,-26.9277584125166
1.57,-17.9915322625973,-23.7925227634128,-26.4461904560931,-27.5745881653877
1.61,-25.4543373834321,-24.2121521126005,-27.0612495959255,-28.2280729793027
1.65,-21.3064757272366,-24.714562363325,-27.687311289839,-28.8885020764196
1.69,-28.6507880348787,-25.2437751229866,-28.3246993600494,-29.5562569907926
1.73,-26.6372165268108,-25.7390856898731,-28.9735475322672,-30.2317321504686
1.77,-22.5889917323107,-26.1765919297755,-29.6335489506749,-30.9150717968165
1.81,-22.3154069797481,-26.5789016131111,-30.304059334737,-31.6060112264305
1.85,-34.1316834342856,-26.990397184454,-30.9842012597905,-32.30379740777
1.89,-30.295685080468,-27.4394998022314,-31.6727737248201,-33.0070833235141
1.93,-21.6093823689484,-27.916327628949,-32.3681072665183,-33.7138011787308
1.97,-24.5647208428654,-28.3809910643369,-33.067999338956,-34.4210680479318
2.01,-38.2222980906602,-28.7951279712703,-33.7765847801752,-35.1244414299667
2.05,-28.061475934596,-29.1530879811773,-34.4054275481898,-35.7793853171939
2.09,-32.4805599787933,-29.4898391677332,-35.1549781150706,-36.4996765969416
2.13,-29.6721759141828,-29.8588643596203,-35.8919756412579,-37.207887903814
2.17,-33.0874713898261,-30.2937636544125,-36.5449265063544,-37.8746694747045
2.21,-24.830673910604,-30.7786096615814,-37.0530170030503,-38.2949367606833
2.25,-29.4904863643788,-31.2473047664246,-37.6856991456798,-38.8324708180887
2.29,-34.1369034975996,-31.6145344771928,-38.3191992530785,-39.4039373932764
2.33,-32.1128167894511,-31.82140436946,-38.8819748100411,-39.9114306582349
2.37,-31.8543179288461,-31.8693106010744,-39.3846574275658,-40.3192184040191
2.41,-30.2424606850074,-31.8216958326156,-39.8390920036618,-40.6314521677698
2.45,-33.6087148683818,-31.7715296571782,-40.2294082224008,-40.8580105832113
2.49,-34.490410802296,-31.7921046665476,-40.5358016172563,-40.9994791353507
2.53,-33.8091073387409,-31.8986364350005,-40.7540222246139,-41.0494354678348
2.57,-32.8413677097651,-32.0423348761779,-40.9529317301405,-41.0341224303434
2.61,-35.2286134926171,-32.1401384063922,-41.3085502548882,-41.0658309103051
2.65,-28.281108006817,-32.1226221297939,-41.1237569988643,-40.7918349238923
2.69,-33.3991282768505,-31.9718080416624,-40.777853364129,-40.3053654149499
2.73,-32.6210674506076,-31.7264960890458,-40.483023886897,-39.7832284433708
2.77,-21.0986500830842,-31.4524057874955,-40.2000169690231,-39.2435314249084
2.81,-32.4554325460086,-31.1963633598623,-39.8563910149718,-38.6615095752063
2.85,-22.5419788049832,-30.9542936860673,-39.4156505292242,-38.0162455925603
2.89,-38.5233663185911,-30.674461134509,-38.8782239033159,-37.2977657601048
2.93,-36.4598004707419,-30.2944998335995,-38.2580657878284,-36.5078248911743
2.97,-30.5710294793028,-29.787578046908,-37.5652553658901,-35.6553204298171
3.01,-33.1519939579509,-29.1853387320022,-36.8024561147662,-34.7511720289084
3.05,-27.2096776389697,-28.559672102076,-35.9697111733626,-33.8048253063761
3.09,-25.0046492227014,-27.9737073951733,-35.0692108393424,-32.8229968388349
3.13,-19.4240325442807,-27.4356998382543,-34.1063002655062,-31.8100237881014
3.17,-16.1614592390759,-26.8903176889404,-33.0876071309794,-30.7688075982737
3.21,-21.8388875537446,-26.2571807224518,-32.0188185870185,-29.7015903510855
3.25,-24.8030510381666,-25.4918065482074,-30.9037579658344,-28.6102747071126
3.29,-20.4302063213877,-24.6242610808028,-29.7448436969106,-27.4963762759928
3.33,-26.6170203440058,-23.7427408222559,-28.5440820316785,-26.3608506448554
3.37,-16.581722410778,-22.9281603681586,-27.3037530123332,-25.2039987143382
3.41,-23.8566475202767,-22.1854204815265,-26.0264850702674,-24.0255286222935
3.45,-16.9512779880962,-21.4267674498048,-24.7149233851029,-22.8247395860226
3.49,-24.0533107405387,-20.5302387297163,-23.3713733648644,-21.6007425363873
3.53,-15.2542152390022,-19.4400076759839,-21.9976665076915,-20.3526430120027
3.57,-18.6991935746286,-18.2353365032401,-20.595259308922,-19.079653173768
3.61,-8.96117742658834,-17.1049963489357,-19.1654272743769,-17.7811396578686
3.65,-16.1261937598106,-16.2257187667939,-17.7094152180146,-16.4566343706074
3.69,-14.5439360509359,-15.6183699921475,-16.2284933599777,-15.1058353592681
3.73,-15.0811269809766,-15.0888649485826,-14.7239535751664,-13.728613618218
3.77,-15.3672972894117,-14.3189864641894,-13.1971080041637,-12.3250294138488
3.81,-10.7172771854442,-13.0725376842573,-11.6493279571017,-10.8953543961032
3.85,-9.11359621346779,-11.3881725863793,-10.0821211598978,-9.44009426892656
3.89,-4.4282635476681,-9.61222955835899,-8.46694315102425,-7.92858744381064
3.93,-11.7459551829099,-8.20979935777333,-6.83226434265549,-6.36731749776409
3.97,-15.8911634883756,-7.43728842715055,-5.15138214670419,-4.7274079711368
4.01,-2.78168815553945,-7.07281345355918,-3.68476026030073,-3.41056557944697
4.05,-9.33924194776528,-6.39871495147803,-2.16240611968566,-2.03985819627661
4.09,-10.6799339185051,-4.49812563806112,-0.492562794272011,-0.39369982258286
4.13,-0.499280934821667,-0.736100471492286,1.20872580339437,1.30756943295562
4.17,-3.72371221340072,4.83625684264736,2.88581120646558,2.99012150794198
4.21,20.8668242293496,11.398250970039,24.3372740797687,24.3152575814909
4.25,22.3220757581173,17.6714120469209,33.7302957976116,33.5686626666254
4.29,16.274964272043,22.4773982577973,33.4907838517084,33.1576926263732
4.33,13.8784026295036,25.2484455750189,32.125171043047,31.6891218060089
4.37,32.0381289304576,26.221828351443,31.5012832423989,31.1185567440386
4.41,25.4578863695084,26.2301788564725,31.9652365724199,31.7692240649681
4.45,25.6069951030937,26.2259842822753,33.3342150341975,33.3827928652353
4.49,24.3031901799349,26.8154850635556,35.1934552079758,35.4728142571625
4.53,31.5158869037023,28.0476231407501,37.1141373460304,37.5772713915445
4.57,31.2592243655605,29.5353039570525,38.8020150275459,39.4129370243634
4.61,28.4324567773774,30.7893717130793,40.1599031861544,40.9145090128327
4.65,37.1571705707796,31.5401881995397,41.2099423206369,42.1341504430295
4.69,33.4016482889592,31.8618127817253,42.0406576225307,43.1735695511071
4.73,29.4199287875041,32.0594492315792,42.75863865292,44.1270558058582
4.77,28.7870002092775,32.4307722354515,43.3759557074875,44.985389257679
4.81,32.5337180833207,33.0727559972815,44.1301699324814,46.0237826764631
4.85,35.0287387833008,33.8506553526711,44.8125128258026,46.9562705968096
4.89,32.4801145131863,34.5243436056175,45.361828617696,47.7120607374282
4.93,38.3302779463131,34.9254974889046,45.6572256856491,48.2684266296518
4.97,40.1599005998302,35.0604664876371,45.9103528037019,48.6752939620372
5.01,40.448761324194,35.0799241299322,46.0523918934852,48.9276974938058
5.05,39.9291097531847,35.1535306143932,46.0492366298082,48.9728568181391
5.09,33.8732805827666,35.34759772977,45.6761596765176,48.6594626371861
5.13,38.092831285203,35.5903870765304,45.524470450804,48.4995845693215
5.17,34.1679980823808,35.7402170251605,46.0223758506872,48.6841887019285
5.21,34.5108678191652,35.6988900192708,45.0461058730678,47.6628654290145
5.25,31.7542773885415,35.4867119487277,44.1362398914302,46.7130897282342
5.29,39.0235761162569,35.2289342620838,43.4759741785129,45.9180501816103
5.33,40.8191679590645,35.0684874707262,42.9302627340666,45.1195230985268
5.37,34.0827955199667,35.0694374567638,42.3819508407774,44.2057469707624
5.41,26.796922576661,35.1774425286451,41.7963560636014,43.2726759977164
5.45,26.8493727602032,35.2604052618365,41.2397129179176,42.1260883378194
5.49,31.6396950345009,35.1972375289347,40.5446015940969,40.8939763592686
5.53,37.4784623022923,34.953223192515,39.9070090101006,39.6983253215577
5.57,34.3097414256614,34.5942844725093,39.34527597524,38.571718998559
5.61,43.7608391370028,34.2365768064368,38.871784093657,37.5141975525195
5.65,26.850671628121,33.9703204735177,38.4865491766573,36.5332306111821
5.69,32.6254583406156,33.8096950988734,38.1917781021013,35.6400178812155
5.73,41.5819786089368,33.698231879215,37.9920230372721,34.8526417300232
5.77,36.028058160529,33.5596277940522,37.8932449646041,34.1900889185287
5.81,29.824946006616,33.3550773716549,37.8997997167785,33.6677882748071
5.85,24.2125261212076,33.1081063967035,38.0118044605182,33.2950638439744
5.89,27.0067482798899,32.8836956018226,38.2245252891367,33.0758032192913
5.93,27.9990567158211,32.7404067698079,38.5291857458925,33.0103327058739
5.97,21.9280029953084,32.6903271694017,38.9138643466092,33.0961170862332
6.01,23.0420410622052,32.6927610148313,39.3636087232063,33.3266618159767
6.05,26.9279507345439,32.6822870630812,39.8600590803999,33.6899871601404
6.09,32.3332244139333,32.6088997266606,40.3813917536244,34.1682900233797
6.13,24.8611496900401,32.4627519922128,40.9029974051889,34.7389166812584
6.17,19.807271544087,32.2701029740418,41.3986893126961,35.3755584728432
6.21,24.5900380998397,32.0684702063925,41.8420438271239,36.0489578261025
6.25,24.3258531641172,31.8817928236813,42.2076792193787,36.7275018739904
6.29,21.3626363348542,31.7124552897422,42.4724711200339,37.3783831289429
6.33,20.9442982311426,31.5511616800326,42.6166775863716,37.9693963476718
6.37,23.2588217046986,31.3912523078338,42.6248326224032,38.4708850154057
6.41,23.7540348118517,31.2323962220123,42.4862485914955,38.8573690736256
6.45,27.3448180262295,31.0702599114703,42.1950708770402,39.108656260981
6.49,23.4791205515487,30.88342908725,41.7499549448325,39.210384041955
6.53,25.2450346830188,30.6336239217976,41.1535021977583,39.1539799713392
6.57,28.7378252428968,30.2850594537297,40.4115867396643,38.9361153246509
6.61,44.2329711890794,29.8310966633765,39.53266650075,38.5578465919389
6.65,33.2178847254487,29.3058396292846,38.5271340170956,38.0236862591932
6.69,28.9020482091086,28.7656123595107,37.4067379128429,37.3407864400233
6.73,28.9393543592712,28.2474318879509,36.1840929675528,36.518313358862
6.77,19.9311896182872,27.7328989310826,34.8722873619178,35.5670027438759
6.81,26.0528649599114,27.1485242912897,33.4845859042499,34.4988416356651
6.85,26.403157192797,26.4114935367498,32.0342177666599,33.3268147054544
6.89,25.0905407414382,25.4958742932265,30.534229012491,32.0646669584845
6.93,21.7488159758765,24.4726287386814,28.9973764393414,30.7266559159425
6.97,28.042974946311,23.4866686803143,27.4360407284147,29.3272860940297
7.01,23.3630408768349,22.6740251722918,25.8621422564631,27.8810323686707
7.05,30.0346743195184,22.0674641598666,24.2639141105094,26.4020656783748
7.09,20.2292864133125,21.5567086158948,22.6959423830597,24.8965318395644
7.13,25.2363597600862,20.9417981586384,21.1672113540273,23.3868770141021
7.17,13.2181303394367,20.0575669698602,19.6725553765953,21.8919724962086
7.21,19.378912472599,18.8924784738821,18.202591623202,20.4233404713561
7.25,15.0521196176768,17.6167967579681,16.7807391496355,18.9702080335508
7.29,24.5967257789306,16.486617246465,15.5135008646012,17.5700242025378
7.33,11.1270926240829,15.6738013132556,14.1236073750739,16.2204938773813
7.37,20.7603996288804,15.1323541021754,12.7504385175059,14.8500384397021
7.41,16.980565614857,14.6025715707398,11.4800972905083,13.540678944195
7.45,16.0761766214063,13.771526734352,10.3147941100112,12.2974110756191
7.49,10.7821329619508,12.4998703990494,9.23719137860379,11.118062064257
7.53,10.3600208384538,10.9630503001133,8.22768813734331,10.0032219460622
7.57,12.9756564889873,9.58972833612956,7.27440217576758,8.95430995467184
7.61,7.87489320915852,8.80097761305943,6.37504983547421,7.97148202896114
7.65,11.0230372287937,8.69007537785651,5.53253681151444,7.05316467148442
7.69,4.93077490433444,8.84487695083907,4.74892631863399,6.19695763917072
7.73,11.268640742636,8.45302728757764,4.02285448001471,5.40090375990232
7.77,-4.16534676003416,6.67147016446105,3.35107906643151,4.66430701349108
7.81,6.63335558331141,3.07803105560393,2.73131874825916,3.98778402350919
7.85,3.65519786414703,-2.04358463204788,2.16344938672508,3.37272704466818
7.89,-15.1940763552161,-7.75626911948005,-18.4014754069706,-18.5711995824245
7.93,-14.7430586927152,-12.8489100086942,-23.4338275040513,-21.9175526818916
7.97,-19.8899994624316,-16.352169798449,-22.2524281952374,-20.1131383852649
8.01,-21.9804659038741,-17.9270166171974,-21.0956195424084,-18.8232525822563
8.05,-15.8199554197898,-17.9371620384782,-20.705050408234,-18.5766833344903
8.09,-15.3581417955745,-17.1920049647232,-20.7934943938293,-18.9557076967195
8.13,-10.4577778254862,-16.5187468651335,-21.0118926055847,-19.4929582749315
8.17,-14.2630476348333,-16.3950621516271,-22.0196808705109,-19.7828578022219
8.21,-17.0651452485252,-16.8153404546418,-21.9290794588045,-19.8975182230399
8.25,-17.220610256193,-17.4197932018789,-21.1802786515314,-19.8608023142732
8.29,-23.6535101834613,-17.7754958700894,-20.540225076171,-19.6895180412149
8.33,-23.3565673007302,-17.6374682461431,-20.402093872196,-19.4354170385158
8.37,-17.1345556572506,-17.0573092423213,-20.6656449259901,-19.1351768453085
8.41,-21.4520292896424,-16.3094697410101,-20.8553130952005,-18.8093737419726
8.45,-13.30991527285,-15.7058716749332,-20.6384516632485,-18.4596853001828
8.49,-9.98946389608809,-15.4161092168058,-20.0213041351138,-18.0704519846175
8.53,-24.5015538091963,-15.3890071255248,-19.2152782181765,-17.6166726436611
8.57,-18.2637912205841,-15.4050520819362,-18.3988177269279,-17.0817392000666
8.61,-11.1627771530077,-15.218164802665,-17.592910262838,-16.441374599554
8.65,-24.7266852299286,-14.703437052633,-16.7724548759951,-15.7217661701359
8.69,-17.7220793762421,-13.9298547231521,-15.8162406289519,-14.8952524081047
8.73,-11.9654768589767,-13.1186066198644,-14.9453163746105,-14.1561375285448
8.77,-11.7759817987445,-12.5085046466135,-14.0011945761898,-13.4057992589343
8.81,-15.1827271238019,-12.2026972527673,-12.9376903634149,-12.6220732465865
8.85,-12.1195841591323,-12.088354476099,-11.7721624679512,-11.8037536336546
8.89,-7.88119091188967,-11.8886542322539,-10.5423829565732,-10.9508690371274
8.93,-9.81922197798413,-11.3332306172974,-9.28913444064872,-10.0663148522484
8.97,-11.7122857371186,-10.3548131391665,-8.04313117238609,-9.16030039459725
9.01,-10.2450198165054,-9.18432856130816,-6.82152296477501,-8.24780983948115
9.05,-5.82353644452118,-8.25695662560453,-5.63171284296837,-7.34301435509233
9.09,-5.31507001181726,-7.94798954387704,-4.47857113765826,-6.45485688643532
9.13,-4.95526816564677,-8.27372401936594,-3.36999470806454,-5.58670785557824
9.17,-7.21197139846475,-8.7441279374854,-2.3185251106872,-4.73917248932976
9.21,-4.08181308497895,-8.49452620457061,-1.3393940003037,-3.91339159852233
9.25,-11.1464363992039,-6.67252698298339,-0.44697617044287,-3.11260261150803
9.29,-5.99488702180297,-2.89673756083175,0.348328158497058,-2.34152362784457
9.33,-6.79449688067699,2.46444125708901,1.05121338734415,-1.59991579001151
9.37,17.0398478881978,8.36930906019768,22.2248935154612,18.3344874831559
9.41,13.6250414594309,13.5225010156437,26.516633463407,23.4260293320299
9.45,12.391960900694,16.932857172697,25.4942622365029,22.9212136082668
9.49,13.9087034062603,18.3221235907977,24.3704766927877,22.1832829071089
9.53,17.0207294284756,18.1772279723161,23.9427509607482,21.9911518005778
9.57,24.8683562567755,17.436052126113,23.9364080363491,22.2619926210954
9.61,15.1137096356893,16.994332266882,24.1298502506759,22.8005258413666
9.65,23.5418809908345,17.304467636073,24.3541365826361,23.383148190419
9.69,11.5691110820269,18.2627440693492,24.5057976430063,23.8565321467599
9.73,15.4624830571467,19.4029421639007,24.5725882567593,24.2078699069981
9.77,20.5374325551707,20.2435244691474,24.6017218917438,24.5069550419497
9.81,17.9544159007677,20.5714322977779,24.6476434864373,24.8131294373466
9.85,24.1989656120627,20.5142593547415,24.6575256691295,25.016422097639
9.89,20.687089415517,20.3980477038502,24.9140801504222,25.4532366371718
9.93,20.1397660129683,20.5138592259594,25.0437305875417,25.7408120582814
9.97,24.5519058098836,20.9496074561324,25.1016888051936,25.8368886608151
10.01,14.73538877354,21.5772247688137,25.1965204536075,25.992925696714
10.05,19.9723733648057,22.1743995972223,25.3348126958453,26.170795636018
10.09,14.5024490225719,22.5802437288036,25.4903791750039,26.3204232828707
10.13,23.8687638315895,22.7806890361884,25.6480247283086,26.4392632816524
10.17,23.7500884918568,22.8826100870767,25.7920331135852,26.5349928616221
10.21,35.0251486251455,23.0146750534506,25.9100303130833,26.6060382355526
10.25,35.8213226426202,23.2339936753411,25.994055849079,26.6417305011291
10.29,28.9893393487217,23.4997101296413,26.0402276282923,26.6356819831226
10.33,20.2958942514716,23.7188795632046,26.0466103083101,26.5882683746566
10.37,17.781715291643,23.819747123341,26.0121684950088,26.5016407751628
10.41,13.4482378676844,23.7964298620486,25.9371065166958,26.3759412743014
10.45,25.4825697381833,23.6988834738325,25.823625083905,26.2104531491514
10.49,29.5780582668798,23.5858330811782,25.6759756036695,26.0060754671931
10.53,30.9773436296113,23.4825297341744,25.4997101495036,25.7658767390589
10.57,20.8066245991736,23.3745203674567,25.300649220017,25.4939365268037
10.61,9.85599385108211,23.2353714297135,25.0861858174467,25.1939535278156
10.65,27.6042407122186,23.0586542670242,24.8606851945921,24.8751062146102
10.69,29.0103683723365,22.8640323974169,24.6186366751111,24.536085263378
10.73,18.3887292500205,22.6726819533657,24.3670195176549,24.1791301736249
10.77,17.2811872881805,22.4763252704824,24.105532600549,23.8080996433121
10.81,27.8379500525877,22.2318881393801,23.8217046009925,23.4246094901458
10.85,20.6451058349636,21.8926557990993,23.5189620664711,23.0251804287063
10.89,15.6247254274588,21.4533336621703,23.1938507780871,22.6116854827296
10.93,28.3574996656205,20.9688315777898,22.822481567597,22.1793530065773
10.97,29.4319721393601,20.5223172610927,22.4039203784221,21.7240695385978
11.01,17.0311364910841,20.1583886644292,21.9362612266449,21.2390415354768
11.05,26.6784234267439,19.8315472777766,21.4178531177511,20.722164292124
11.09,12.4168324211857,19.4184890527023,20.8172162019471,20.1761375038068
11.13,27.5092674235072,18.8000187032761,20.1937642172689,19.58693622921
11.17,9.86300707530104,17.962156860307,19.4926393672246,18.9555963047505
11.21,24.2947293247486,17.0391890518123,18.7155061330202,18.2778907623593
11.25,8.84466555164345,16.250797079473,17.876718658183,17.5602470980918
11.29,24.0331787423679,15.7582436187819,16.9635798983236,16.8231475594993
11.33,7.62643347766489,15.5322497366006,16.0127719910097,15.9278421104414
11.37,15.8422180061332,15.3349312642618,15.063919949978,15.0279069126658
11.41,10.1611422610617,14.8523179726237,14.0155810542586,14.1785428804919
11.45,15.5023696986882,13.9086550205132,12.917777815411,13.2886045060454
11.49,9.92442567414544,12.6199342815552,11.8063482547193,12.282783029991
11.53,8.87037339233717,11.3609369863046,10.6854118165822,11.2053052986338
11.57,10.4616368520363,10.5300036079205,9.54677795927505,10.1246058037807
11.61,13.0166426659634,10.2353996640755,8.39073560620296,9.05725830939286
11.65,7.89423921207777,10.1036628357487,7.22705988804417,7.98149346841193
11.69,17.0910232926363,9.36269357490447,6.06661893677973,6.87888278360305
11.73,-1.07969183102237,7.19699113155322,4.91407360933671,5.7509624616614
11.77,9.19871600570612,3.19970837177273,3.76768743268308,4.6098508072534
11.81,3.30441658739852,-2.33372633235879,2.62410412543268,3.46560386308425
11.85,-15.654428678425,-8.45438847577719,-6.70332658811557,-4.76204385809531
11.89,-13.1487069726342,-13.9474271017596,-22.1270594815604,-20.3921135004004
11.93,-21.8751535430412,-17.8611863358148,-23.7687788244711,-22.2166933679802
11.97,-15.8069283098214,-19.8985491195769,-23.9713047183931,-22.4878162457287
12.01,-15.2980930217211,-20.4710055227685,-24.4350336604393,-23.1954512522137
12.05,-17.9340870492703,-20.4086523284428,-25.186054210562,-24.1304513990803
12.09,-16.0885859567117,-20.5077847581028,-26.0569359706286,-25.0215528722375
12.13,-24.5900515937895,-21.1710439338079,-27.0239190952015,-25.9317093585087
12.17,-21.796395847932,-22.3170856782459,-28.0390602587044,-26.9441342391996
12.21,-24.2776956744834,-23.5648879779676,-29.0829881814236,-27.9938276200964
12.25,-23.3537993834959,-24.5421574156849,-30.0956015173126,-29.0414766789215
12.29,-26.6800119236715,-25.1187618253888,-31.0584958313953,-30.0199172457027
12.33,-23.2714234096073,-25.4417691605805,-31.9830725337145,-30.9566654325888
12.37,-28.4799383653324,-25.7877334218054,-32.8840482113923,-31.8820852216284
12.41,-28.6897988028638,-26.3572342850867,-33.7689553656784,-32.7953320033192
12.45,-25.1508583744987,-27.1526508991588,-34.6354827357098,-33.6839124279198
12.49,-31.6308805620966,-28.005329062447,-35.4779624881774,-34.5426356023681
12.53,-24.5462802244797,-28.7122889919305,-36.2944877980231,-35.3756475460054
12.57,-23.2240611977926,-29.1772465713581,-37.0880764960857,-36.1881154461363
12.61,-22.6855545165238,-29.4624912293891,-37.8630631263288,-36.9810150451544
12.65,-34.287141010703,-29.7291091012669,-38.6215666049416,-37.7528884703171
12.69,-30.9866385552776,-30.1191903965508,-39.3631384001525,-38.5032792115014
12.73,-27.6638473901269,-30.6646965526529,-40.0867181566378,-39.2332843197307
12.77,-33.1151354412584,-31.2792678634785,-40.7921972770797,-39.9438695900223
12.81,-28.866420375852,-31.8278185343416,-41.4801601691872,-40.634717008361
12.85,-31.0666702096014,-32.2188050627259,-42.1505625246565,-41.304574973271
12.89,-29.3001604610755,-32.4566329374512,-42.8018855831036,-41.9520412024355
12.93,-33.9347883067361,-32.625842669727,-43.4313875392522,-42.5757294193607
12.97,-31.071344433221,-32.8265119197526,-44.0358628806403,-43.1739264169972
13.01,-31.275729504591,-33.1087943643134,-44.6120616939893,-43.7443780317626
13.05,-31.651763613539,-33.4480583920589,-45.1565546524169,-44.2844354977634
13.09,-32.6672132944669,-33.7700665736171,-45.6654558979541,-44.7913061321881
13.13,-32.3900886951288,-34.0025826608392,-46.1344345672998,-45.2621642973927
13.17,-37.8233724412293,-34.1170771980594,-46.5590425531715,-45.6941594688143
13.21,-33.5010779995177,-34.1366229888117,-47.0759031756329,-46.2167508601352
13.25,-37.8134611813017,-34.1114333686158,-47.3593265170824,-46.4571888556553
13.29,-36.7835521319508,-34.083380527323,-47.4171883306429,-46.6777708171584
13.33,-32.1156498665492,-34.0635988605437,-47.5643770285061,-46.9223693457699
13.37,-34.7989112598896,-34.0343671784259,-47.8217772975786,-47.1640361678038
13.41,-25.4103845988123,-33.9690294553881,-48.0208075319621,-47.3288430245822
13.45,-28.9412485630624,-33.8536067884511,-48.0516425635935,-47.3944676638549
13.49,-33.4484633256779,-33.695830983473,-47.9693171585771,-47.4173615477036
13.53,-35.1371564869933,-33.5178520754487,-47.8694351755327,-47.4601944507647
13.57,-31.2891450940023,-33.3397126309997,-47.725119362193,-47.436078502423
13.61,-30.0498622867306,-33.1653159654372,-47.5429741839295,-47.338509805393
13.65,-27.2643665885838,-32.9796188327924,-47.3240192514321,-47.1950492502859
13.69,-25.2725366580409,-32.7583104903091,-46.948413505726,-46.9820908793825
13.73,-31.734820235039,-32.4840381240465,-46.5767640353292,-46.7210566354742
13.77,-31.2871472251768,-32.1597895245223,-46.1937120440774,-46.4451890259746
13.81,-28.730898014079,-31.8114712488379,-45.7687838803661,-46.1187310549327
13.85,-28.520115785231,-31.477119707351,-45.2747584746088,-45.7626859649901
13.89,-32.865057230085,-31.1872854039878,-44.725860387661,-45.3510306029803
13.93,-26.970769745642,-30.946785505822,-44.2601588549191,-44.9218501818816
13.97,-34.8606564391438,-30.728971284748,-43.7611661124415,-44.4634997611804
14.01,-28.166524415675,-30.4881626005529,-43.1288351788572,-43.9813100346731
14.05,-30.473960002739,-30.1856056311992,-42.4492909035634,-43.4732181661979
14.09,-33.2878364851206,-29.814644209057,-41.7855417562851,-42.941888864545
14.13,-34.0753430118078,-29.4085183619652,-41.1301423441235,-42.3850860509689
14.17,-30.8243928072511,-29.0227903166698,-40.4501582294148,-41.8070123507408
14.21,-27.2743902979932,-28.7003414584437,-39.7316913165047,-41.2121001911525
14.25,-34.1554090903026,-28.4403564359483,-38.9831898073045,-40.5992863689053
14.29,-29.2115919231872,-28.1934167603915,-38.2150936063552,-39.9645366807211
14.33,-24.1931421893841,-27.889750595577,-37.4280059489784,-39.3052757630774
14.37,-32.0159984264181,-27.4850020012478,-36.6190598743588,-38.6269993333821
14.41,-21.6371173738089,-26.993017407335,-35.7712458036708,-37.905487709915
14.45,-23.3409981064204,-26.4804107079436,-34.8989587625259,-37.1611941642058
14.49,-30.6111274581509,-26.022309363211,-33.9967112048001,-36.3922067079137
14.53,-23.6565060961081,-25.6472149177291,-33.0773237837523,-35.5950325694798
14.57,-36.3227580158479,-25.3105013217711,-32.15610050749,-34.7761345761044
14.61,-25.8309038414371,-24.9196023862841,-31.1622745714235,-33.8949348689477
14.65,-22.2677873704243,-24.3979682983551,-30.1318025253172,-32.9522135435711
14.69,-24.1534879916379,-23.7440156252874,-29.0875595556228,-31.966623331634
14.73,-30.5600323925442,-23.0397071016004,-28.0344025486734,-30.9486633065736
14.77,-17.6111060914961,-22.3961929459769,-26.9721557316727,-29.9009625839552
14.81,-20.033441009411,-21.8706096599834,-25.9034480110731,-28.8207857566114
14.85,-22.5582373472904,-21.4147048839971,-24.8319294674992,-27.7041813314627
14.89,-18.0241012031064,-20.8992690601187,-23.7595356032561,-26.5502644937543
14.93,-12.6237700949756,-20.2053460935497,-22.687172146596,-25.3611965014322
14.97,-19.2673275285665,-19.3197709401545,-21.6162977638401,-24.140423918384
15.01,-18.789723619478,-18.3600576778182,-20.5493354867903,-22.8915030417465
15.05,-19.8267154913285,-17.4977702631831,-19.4888533025628,-21.6181510054403
15.09,-18.0771951426727,-16.8246584415073,-18.4367866226021,-20.3247178054822
15.13,-11.0624992961044,-16.2587242356873,-17.3943738500215,-19.0163595421522
15.17,-19.4694075673943,-15.5735889791976,-16.3624905356263,-17.6988365572006
15.21,-16.4740935278008,-14.5535720293027,-15.3418628334334,-16.3782127778944
15.25,-10.597840346745,-13.1790641672562,-14.3330574049205,-15.0606622869454
15.29,-12.1487495329579,-11.7029752963429,-13.3364604694641,-13.7523944679341
15.33,-10.4548301974259,-10.5311694808498,-12.3523890252653,-12.4596129252774
15.37,-10.4502362714365,-9.94593270568063,-11.3812715382133,-11.1884434567244
15.41,-11.4849747420819,-9.83299129172945,-10.4237737262025,-9.94482134335506
15.45,-7.23254007174652,-9.60287471580655,-9.48083133916366,-8.7343594037792
15.49,-13.9462043263895,-8.40217655501091,-8.55363466968129,-7.56221926906608
15.53,-8.00887378873886,-5.53723623477906,-7.8742289418976,-6.52362561406772
15.57,-6.74330366396366,-0.887461360011821,-6.98533584544858,-5.4575085988251
15.61,1.1510641993013,4.93479323565225,-5.97564246258564,-4.4099547698373
15.65,23.2122481968349,10.7926531063264,14.0940707533721,17.784761287345
15.69,12.8481067680295,15.5100784316332,19.9905175558746,21.6049219171888
15.73,8.62217095224539,18.3819941744466,19.7873621606615,20.4187917213394
15.77,17.626886406441,19.4407864296269,19.0368595903712,19.7488015615344
15.81,14.2964387563126,19.3500061129086,18.9210497099523,20.0704098531324
15.85,27.1607937643238,19.0062405327917,19.4611375138987,20.926262760157
15.89,16.3907345287663,19.0845412761772,20.2619694429362,21.8588492541727
15.93,20.1924078249156,19.7728544046513,20.9919627979271,22.6216466334206
15.97,23.9124270934731,20.8095989653534,21.5771998115377,23.1710480056702
16.01,24.34493026009,21.7544252042713,22.1002346332044,23.5799070335441
16.05,22.6495180257734,22.2994217855012,22.6282734171956,23.9447199873766
16.09,24.2033433601768,22.4337892522541,23.1495081643329,24.3260963240211
16.13,21.1785072827826,22.3913611639991,23.6167684376065,24.7325291797784
16.17,18.5413889412179,22.4530891785306,24.0057668689131,25.1359180371091
16.21,21.7493303929196,22.7543838769612,24.328021161204,25.4987790335726
16.25,28.6448658343548,23.2200166354765,24.607080095258,25.7960879668717
16.29,19.4305829659375,23.6483618855881,24.8547694854695,26.0236521046986
16.33,24.4024830381712,23.8665542439256,25.0675405801726,26.1939232682407
16.37,21.5821462995673,23.8432997583209,25.2370598253471,26.3254753917952
16.41,21.9263447086342,23.6905414546327,25.3600136279797,26.4330678549873
16.45,25.5183291611023,23.5690269377388,25.4394924149848,26.5226170041233
16.49,21.3333194989872,23.5751035838515,25.480576097614,26.5917517845038
16.53,24.4044392954883,23.6878643610109,25.4862402813627,26.6338826872969
16.57,19.4220602254242,23.8037058135246,25.4567063007149,26.6427899268162
16.61,27.4653660681325,23.8217671334494,25.3912078008245,26.6154652370121
16.65,24.367124858156,23.7136759868797,25.2896721501905,26.5524699297615
16.69,22.9218340999879,23.5311423723006,25.1529958912933,26.4564532594003
16.73,23.170428177095,23.3550659214592,24.9823142463157,26.3301220772449
16.77,24.0709903808114,23.2310810048971,24.5122540415688,25.9793424262789
16.81,21.521807450653,23.1405198078417,24.5925233013544,26.0161820931426
16.85,23.2433024284451,23.0238087437916,24.5269871076026,25.9077463257107
16.89,21.6162992830825,22.832331962197,24.0830368555089,25.5869815367138
16.93,24.4738550158983,22.5658202285809,23.6245438545568,25.2602256230805
16.97,16.1288641176643,22.2675062048866,23.1362816191139,24.8959700403706
17.01,25.0765028496564,21.9844535802013,22.3267330996335,24.519937369516
17.05,25.1903003277805,21.7274336180291,21.9619809622063,24.0840507684759
17.09,21.7450584394165,21.4632012894865,21.7863983311584,23.7389481236616
17.13,18.645158648577,21.1445250147858,21.595088827393,23.3365072507219
17.17,28.8392185021737,20.752338559886,21.2493735363384,22.8579383164274
17.21,18.1158020279144,20.314553140305,20.8171913129296,22.3131082548211
17.25,17.4444146739671,19.8851011521544,20.1797159391015,21.7294933546941
17.29,22.0060420622485,19.4995447323258,19.4860368681637,21.1076389885601
17.33,18.6497968857918,19.1438042446089,18.8425652812163,20.4600976329039
17.37,21.7355050863354,18.7633504271505,18.2841922802601,19.7909477844127
17.41,20.4468033899555,18.3077350644697,17.72508301215,19.0826369587738
17.45,18.3752001507778,17.7749419212532,17.2711573741857,18.3671061550128
17.49,20.4613123950251,17.2170070518066,16.7658031888074,17.6286396598457
17.53,17.9904066855101,16.6975975299759,16.2213304442971,16.8490781096264
17.57,13.9284518914674,16.2326814893024,15.6688069611177,16.0392716484581
17.61,17.1065153751723,15.7646218693135,15.1224528410254,15.2079175980568
17.65,9.1596821909005,15.1991934785127,14.5797710677931,14.3617803325768
17.69,14.5253464776854,14.4857902140943,14.0348454907313,13.5071537069553
17.73,12.878312797361,13.6799476044683,13.4851983443807,12.6506982233554
17.77,20.7338936510069,12.9296057069512,12.9305392372503,11.7995453633424
17.81,17.6745047236365,12.3780150043249,12.3684798250712,10.9612476887655
17.85,19.5252841578617,12.0439646635622,11.7937275299873,10.1437593729381
17.89,6.69474922378465,11.7725990046825,11.2014061159571,9.35535109308328
17.93,10.6061638809364,11.3147824335178,10.5908307517355,8.60430462445327
17.97,14.9653263680237,10.5042595105306,9.96648711936832,7.89834056016625
18.01,10.2148256582593,9.41789946005641,9.33619775688621,7.24389447371632
18.05,0.415504163151285,8.38985125097441,8.70867453297564,6.64545031244357
18.09,7.30506987103001,7.82938068455271,8.09226152349352,6.1051250430233
18.13,9.82452448076798,7.92376445548873,7.49494332667577,5.62260667849257
18.17,9.84874721738409,8.40668341701461,6.92461112197895,5.19544184037102
18.21,7.08871423473629,8.56434601154278,6.38882758255743,4.81959497893092
18.25,16.8522033075509,7.52582081348151,5.89417141265924,4.49016997470242
18.29,1.91838648551842,4.70961182787126,5.44569116292193,4.20218139890238
18.33,6.45728999121109,0.184462799242744,5.04679837458832,3.95127007433826
18.37,-6.117490471349,-5.27186716629659,-4.70996824186942,-7.64950666821473
18.41,-15.1475630019207,-10.4719827819018,-18.5704665603148,-18.7038342691714
18.45,-6.73823783029361,-14.3300094984905,-18.3903935498653,-18.4778913951678
18.49,-20.6437956308625,-16.3161395161062,-17.7465567000579,-18.109732990319
18.53,-18.9071275034904,-16.6201966718757,-17.5316006017434,-17.823841692044
18.57,-18.1976199933495,-15.9589286819167,-17.5046247089372,-17.6408942849204
18.61,-15.4619201223819,-15.1614084537713,-17.2661759142412,-17.3597965364092
18.65,-11.6549199406192,-14.7763707345681,-16.9807569267033,-17.0577650131576
18.69,-10.487270927404,-14.9042737603465,-16.9024213131674,-16.8970483537367
18.73,-5.62389077443429,-15.3016705162319,-16.9722874457268,-16.8876542876983
18.77,-18.5121577503445,-15.6412098487524,-16.9640779419367,-16.8816601536559
18.81,-17.841429161252,-15.7397935596894,-16.7746563782356,-16.7357668266432
18.85,-9.28320005851298,-15.6238607386675,-16.4767727519699,-16.4366510959857
18.89,-18.1565584175183,-15.4323180262629,-16.1661478228314,-16.0707719316133
18.93,-11.6639288026764,-15.2674399981629,-15.8521602434614,-15.7082110552786
18.97,-15.5405874561374,-15.1195374169322,-15.4898080061194,-15.3433896676458
19.01,-13.8841225137613,-14.9123003925188,-15.0548422762919,-14.9354647704047
19.05,-16.6723874904757,-14.6101441397187,-14.5613148969947,-14.4695983312793
19.09,-13.1796120004242,-14.2794588945312,-14.0300596459109,-13.9640475962044
19.13,-13.6055503771804,-14.0389035714423,-13.4654709391913,-13.4371188423876
19.17,-17.8556700888489,-13.9337820588319,-12.8608657091367,-12.8883196243845
19.21,-19.7480819106893,-13.8452441838752,-12.2121934772945,-12.3085857299077
19.25,-10.4973506286342,-13.5321345774777,-11.5216075257907,-11.6943458779462
19.29,-14.6867231813132,-12.8040593506515,-10.792734710281,-11.0478827033544
19.33,-13.1184370592056,-11.709580047016,-10.0270285432957,-10.370830331361
19.37,-7.86113964935324,-10.5833869791467,-9.2243855660068,-9.66182467524224
19.41,-14.1808647716138,-9.87310229634187,-8.38518686229861,-8.91874276999438
19.45,-11.8741880632787,-9.81851650365844,-7.51107356270264,-8.14064322951502
19.49,-15.9700675437397,-10.1811970881344,-6.60446300140505,-7.32759731448818
19.53,-9.11797758914033,-10.2260843516459,-5.66799382601291,-6.47990384001984
19.57,-16.2370207678322,-9.02067533805365,-4.70449044017718,-5.59795323639811
19.61,-9.79863216407276,-5.91894337726385,-3.71722276088171,-4.68256192204253
19.65,4.84591983571138,-0.962919561249936,-2.71006312941413,-3.73519097589758
19.69,-2.9121276157684,5.04186028421348,-1.68740313512661,-2.75789758182654
19.73,24.234050370959,10.8445364843877,8.30379134068249,5.67433772319381
19.77,13.5084527682442,15.3024611858157,23.1300831355208,21.0227727903445
19.81,4.35203951047071,17.8748319336743,24.3108770507861,22.9868346705775
19.85,15.4999963725438,18.797440646466,24.1933363434854,22.8647613781963
19.89,16.5853486254469,18.865678433084,24.7710338524953,23.4184214086919
19.93,18.5364548002018,18.973450482931,25.6805964258677,24.3498594685732
19.97,23.1195989975943,19.6777484185887,26.5917860996545,25.3217864918831
20.01,29.353228243257,21.0158516762246,27.4365394836518,26.2720345446343
20.05,20.3308807500262,22.6326131152415,28.2940797286257,27.2749004158346
20.09,24.3753885981398,24.091639570389,29.2227014355295,28.3684803633855
20.13,23.327948436006,25.1579750360987,30.2061405659604,29.5106052614624
20.17,20.0760905373562,25.8920542677281,31.1849574421585,30.638580089577
20.21,27.6875293837668,26.536226923205,32.1094966663904,31.7201371496423
20.25,28.3435843185137,27.3068349639771,32.966050826424,32.7587124150774
20.29,28.4145925453453,28.2453524505339,33.7445868216757,33.7473174985603
20.33,35.1662156427046,29.2180602824106,34.5649648719282,34.7913897439067
20.37,28.4368572802798,30.040663333336,35.331721382672,35.7728193010431
20.41,28.9938893195395,30.6227813020835,36.0588606486445,36.7047318787295
20.45,33.7950058501306,31.0274539031112,36.7476447221682,37.5939695961836
20.49,32.1890176316136,31.4126453918975,37.3972016625701,38.4376762911254
20.53,31.8870545440882,31.9082840970378,38.1475570568091,39.4487723609149
20.57,36.1179775289578,32.5228670633896,38.5579503732325,39.9769177544207
20.61,38.7942485464816,33.144748629939,39.0696256384038,40.61089244775
20.65,36.4052157772715,33.6311206773198,39.6286304018323,41.2991040518484
20.69,33.8483763796335,33.9158505508881,40.1868427997809,41.9830253426423
20.73,31.5835175584505,34.0578638784366,40.7065305728926,42.6096451212976
20.77,36.983352203684,34.197682641259,41.1788723350426,43.164982360675
20.81,40.3850885179732,34.4559033287343,41.6071252075667,43.6504319215147
20.85,36.9557728835662,34.8470007670823,41.9994019289593,44.0744461999065
20.89,37.4847987153768,35.2688630721997,42.362652132984,44.4444957737683
20.93,33.9532639232405,35.5740958161518,42.7003516266028,44.7648351669866
20.97,36.5384089379459,35.672238881211,43.0124053091419,45.0366413499292
21.01,38.5132614907352,35.5916347455046,43.296246419201,45.2594146030805
21.05,30.6362146280475,35.4586942073474,43.5481371205174,45.4322900355222
21.09,37.935860928257,35.4098227978429,43.7641241505485,45.5547798622072
21.13,37.6524753702423,35.4976129677969,43.9405236130037,45.6269218567381
21.17,32.0149893672332,35.6566323344172,44.0740639380113,45.649080872571
21.21,29.6163599356484,35.7529334201914,44.1618852433677,45.621673895168
21.25,39.2921404737258,35.6833025136341,44.2015415026645,45.5449931392518
21.29,37.8647771778598,35.4547482323356,44.1910607159734,45.419177987554
21.33,35.5445711003114,35.1864055632153,44.1290461127392,45.2442990992352
21.37,35.0958742985965,35.0280571992921,44.0147697516019,45.0204847002877
21.41,33.0960179793234,35.0476694548828,43.8482143358276,44.7480288808655
21.45,30.0781588360865,35.1654048666979,43.630042670707,44.4274512430298
21.49,37.6617839200086,35.1851090990962,43.3615001371002,44.0595058930182
21.53,39.788623479742,34.911618489774,43.0442730599501,43.6451546563465
21.57,39.3007280286394,34.2834381242091,42.6803315761004,43.1855233373646
21.61,33.7055285567579,33.4345868924463,42.2717816449281,42.6818554345265
21.65,29.6002995779178,32.6392397493626,41.8207417988326,42.1354707722954
21.69,31.1686075184543,32.1649450417972,41.3292506285701,41.5480367741172
21.73,33.1692050709447,32.1194768763527,40.7546143116932,40.8726077811616
21.77,34.44266131719,32.3842961523847,39.2251284580714,39.142193910815
21.81,33.7180568557279,32.6773737786761,38.9516934875522,38.8794071507892
21.85,37.1645727219935,32.7099409288952,38.8783191117903,38.8293534181239
21.89,32.1103356152567,32.3441861476283,38.4930699931574,38.3263600406414
21.93,25.009477200267,31.6583807027084,37.7933476010894,37.5373415200619
21.97,28.1852576000415,30.8831505094727,37.0287784142276,36.4324429383744
22.01,31.1691995108176,30.2519172094565,36.2649386418013,35.4977810340618
22.05,33.1395707415753,29.860133287299,35.4252404986366,34.6146012267146
22.09,33.4045882665557,29.6195856952158,34.5629547625093,33.7102800552014
22.13,28.1856164288529,29.331601884757,33.6633521787633,32.7599482404262
22.17,31.6413086905252,28.8267674999718,32.7936486042457,31.7782142323786
22.21,29.3201517057781,28.0777326587104,31.9299300606657,30.8134224267054
22.25,32.979170177879,27.2119754679915,30.9468864523499,29.9127569042623
22.29,22.5831207350923,26.4192772724633,29.8657867773144,28.7670516330341
22.33,24.0240410885629,25.8192274590079,28.8420390258226,27.5657803312024
22.37,25.9697891277923,25.3803743462969,27.8454315181564,26.3806229082419
22.41,21.728265591211,24.9467370015721,26.8557149956727,25.2304449876695
22.45,26.9624414288489,24.3529174731267,25.8338257823709,24.117710881959
22.49,22.7836428005339,23.5463836520069,24.7470644609171,23.0241127447783
22.53,25.0902700983953,22.6284370779866,23.5885191279417,21.9200780826334
22.57,23.9702163647392,21.780912360789,22.3806388761894,20.7826407546685
22.61,16.8027326169227,21.1273697819648,21.1590898775027,19.6084631352011
22.65,23.959260159114,20.6286328369334,19.9508576412155,18.4126598386847
22.69,19.2713703507134,20.0943491382813,18.7609359195129,17.2173861156333
22.73,20.6762821443392,19.3128727424031,17.5747736418597,16.0390594722815
22.77,13.6720116880128,18.2137642688071,16.3725150136074,14.8824979204587
22.81,22.9204562764476,16.9438705556799,15.1443509756444,13.7436913252742
22.85,21.3863294043116,15.7889075717778,13.8971534641241,12.6171278847131
22.89,15.6939906194603,14.9792595118756,12.6495634508395,11.5016946639779
22.93,10.8512640821996,14.5094764677931,11.4205444700932,10.4017297693559
22.97,12.5607637614454,14.1076919806976,10.2188921167112,9.32421785759363
23.01,14.5488774954858,13.3990021024405,9.04499236626499,8.27205496506167
23.05,17.0810251248948,12.1704124058433,7.88508518554831,7.25674979272561
23.09,11.4236714282263,10.5570130030665,6.74895388452335,6.25291030612374
23.13,7.76676377029175,8.99857442678297,5.64262213439193,5.24850778409025
23.17,10.3922487984505,7.95662023794764,4.59133360628083,4.34374444646668
23.21,13.1463036446268,7.54931378462323,3.52425588026062,3.46552180712223
23.25,7.59061040192669,7.34268495333461,2.46464412284375,2.57554513106051
23.29,-3.30712327211447,6.46675792308795,1.43296138018112,1.6829295857157
23.33,-7.32244082476605,4.03517243172887,0.435749686240605,0.800787210382126
23.37,-3.28538121743776,-0.348963976737596,-0.525566021383206,-0.0666875289123681
23.41,3.40824444423332,-6.29337602403474,-1.45415731243048,-0.915517700570412
23.45,-24.5830390611859,-12.7138841443069,-24.5219528404261,-23.5284281940995
23.49,-21.9784887240141,-18.2961286449463,-25.5249161900384,-24.2781759181376
23.53,-19.628113247636,-22.0785285892177,-24.6079686445855,-23.118207638082
23.57,-21.8148178806597,-23.8442904578912,-25.2840313159108,-23.7788482012435
23.61,-19.9846215154332,-24.1245441231178,-26.6499389708796,-25.4499043519774
23.65,-23.9186295784884,-23.8398323176509,-27.7733497633514,-26.9671049503861
23.69,-22.1891788392584,-23.804553978459,-28.4599804871899,-27.8019510203942
23.73,-19.220542458099,-24.3726348161208,-28.9142929017716,-28.0914121422526
23.77,-28.5689167328652,-25.3911061989232,-29.37667947708,-28.2661263454909
23.81,-26.4322342445717,-26.4324354734696,-29.9040524678906,-28.6641207929828
23.85,-23.5148517388807,-27.1222809408162,-30.4162089383508,-29.3504696130809
23.89,-30.5251296615533,-27.3550976316981,-30.8698097885118,-30.1680302480989
23.93,-25.839549710928,-27.2940776891205,-31.2982953889929,-30.9205604443896
23.97,-26.580009463197,-27.2026637797113,-31.7524990085749,-31.5016771128018
24.01,-30.6431274166453,-27.2512643901877,-32.2350539239347,-31.9236989234328
24.05,-25.4778752311014,-27.4314594773173,-32.6974123206103,-32.2638817004872
24.09,-30.8761359105795,-27.6142557485089,-33.0886745491998,-32.5929110832934
24.13,-26.3086219983886,-27.6843481855562,-33.3998690410953,-32.9354915336344
24.17,-24.5049071762005,-27.6402261952898,-33.6656928502066,-33.2749789410869
24.21,-25.2996187975426,-27.5903483030749,-33.9306891318047,-33.5821720313456
24.25,-31.185826040775,-27.6598574771626,-34.214949120166,-33.8406823622206
24.29,-25.8924894761289,-27.8863233291178,-34.5063909154764,-34.0537665475971
24.33,-28.4876522082854,-28.1840717758215,-34.7785694907943,-34.2351616836556
24.37,-28.0767873241447,-28.4005721569599,-35.0129377221231,-34.3961383729141
24.41,-30.127333181494,-28.420220037286,-35.2069284360024,-34.5390421379088
24.45,-28.4915070555536,-28.2398255807244,-35.3663143918359,-34.659288787533
24.49,-30.3281394555724,-27.9648151130077,-35.5416493827621,-34.7946902472707
24.53,-27.2516265587317,-27.7336460912718,-35.8283701209805,-34.9635098116385
24.57,-29.3638223648194,-27.6267219824449,-35.6598460598212,-34.8811934044813
24.61,-28.2294057291822,-27.6222005533675,-35.5375678783743,-34.7821531509496
24.65,-24.9919554324186,-27.623911493386,-35.5243054820464,-34.7452592288189
24.69,-30.3129302206108,-27.5354139470234,-35.4857664969632,-34.6984000297645
24.73,-29.9176850887471,-27.3253657091873,-35.3303691628959,-34.5892222490951
24.77,-23.4515921644265,-27.0406346422811,-35.0799958937387,-34.4258783609996
24.81,-25.599188766618,-26.7636459947221,-34.9761011588434,-34.7172210615176
24.85,-28.371801417914,-26.5492491191362,-34.3591705531088,-34.034742638136
24.89,-22.565503314317,-26.3873361705489,-33.7742928667395,-32.7811374881093
24.93,-25.3845902913778,-26.215409320503,-33.559182963403,-33.0894455382125
24.97,-33.0703388461196,-25.9682520114034,-33.3063572546211,-33.1859083887798
25.01,-20.0469156623972,-25.6266576924763,-32.7824943721478,-32.8570029360198
25.05,-23.6727541040918,-25.2303793469839,-32.1018380098215,-32.1214370479939
25.09,-22.7880160127328,-24.8478242011714,-31.4059282326107,-31.8657494460162
25.13,-22.2249300207198,-24.5259345576739,-30.9175794567462,-31.5482821041546
25.17,-27.2659774063055,-24.2565369880842,-30.3869513954291,-31.0237121952306
25.21,-28.5614065927416,-23.9824120266113,-29.742154532113,-30.4386566691983
25.25,-23.7424508833918,-23.6378583898812,-29.019874009395,-29.8822798895371
25.29,-22.8585388212407,-23.1949453092654,-28.2851662319583,-29.3104427209334
25.33,-19.8334541304897,-22.6837761299552,-27.5637326014233,-28.691077796712
25.37,-23.4689878718833,-22.1737836936935,-26.8456003157824,-28.0569777702755
25.41,-21.2895682511236,-21.729604230816,-26.1256452155223,-27.4338648159778
25.45,-21.3732251942568,-21.3712551000476,-25.4174663367235,-26.8087969890596
25.49,-21.5386570887773,-21.0640279202962,-24.734587693378,-26.1681804438552
25.53,-20.5462499016737,-20.7428427560455,-24.0759009260083,-25.5176490898001
25.57,-21.1043707671076,-20.3534833161927,-23.4328349653201,-24.8639968709319
25.61,-19.3430147608159,-19.8838619634545,-22.8016556967225,-24.204855125467
25.65,-22.0492614429506,-19.3671960914301,-22.1840682466889,-23.5376981801549
25.69,-13.6033866477174,-18.8583790440374,-21.5804407498188,-22.864952933781
25.73,-24.8065581962095,-18.4012015206526,-20.9874981325114,-22.1894216729596
25.77,-15.3588709038256,-18.0071013355734,-20.4018632843672,-21.5118882566717
25.81,-19.6328154318118,-17.6554911180596,-19.8227067153711,-20.8335207145821
25.85,-18.0248583246457,-17.3103878559452,-19.250536416176,-20.1569522459061
25.89,-15.5678604492559,-16.9391400930151,-18.6853073952981,-19.4849555889626
25.93,-15.0111327711467,-16.5217321733885,-18.1266212972569,-18.8198647986559
25.97,-15.8845781625685,-16.0495878820421,-17.574909557779,-18.1641611604133
26.01,-11.1988896509687,-15.5217317412818,-17.0322210088616,-17.5192889087591
26.05,-16.9599533053591,-14.9463802623165,-16.4979338027416,-16.8978258310318
26.09,-13.554098684347,-14.3479371198281,-15.9761111989343,-16.2816507413627
26.13,-11.6405552399641,-13.7704981718089,-15.4679317113313,-15.6896221736663
26.17,-11.1378881814506,-13.2678713689488,-14.9748204877315,-15.1276425705849
26.21,-12.4377806362801,-12.8792229413741,-14.4991520909142,-14.5854542551088
26.25,-13.5826933596673,-12.6025894780128,-14.0432268445269,-14.0732917275051
26.29,-14.5298661984924,-12.3850701198892,-13.6088226689109,-13.5767677535018
26.33,-10.9397494906214,-12.1416707660698,-13.195626076601,-13.1184992285457
26.37,-14.9914635748688,-11.7972953697321,-12.808138619384,-12.6849670134383
26.41,-13.4898834421292,-11.3296906433713,-12.4441592215722,-12.264205067879
26.45,-13.8626112583147,-10.7875570176576,-12.1159588320156,-11.9139584974842
26.49,-8.77784244313254,-10.2715644947781,-11.8102956257096,-11.5764279719817
26.53,-13.5703249904355,-9.88863388565331,-11.5326468987765,-11.2520379175462
26.57,-17.937145068875,-9.70639691203407,-11.285178579714,-10.9842183642498
26.61,-16.7228748568447,-9.73350191214663,-11.0662486873223,-10.7694768575613
26.65,-9.9971489920978,-9.93286711181686,-10.8759090539436,-10.5794876487732
26.69,-4.36978770845296,-10.2521183700411,-10.7238811616426,-10.3824181027062
26.73,-12.6106945635932,-10.6449011132561,-10.6094506645077,-10.2511991793158
26.77,-9.02653900709147,-11.0666071297758,-10.4798156498307,-10.2207138680469
26.81,-12.7312275076736,-11.4513559874371,-10.399649263471,-10.1550662492041
26.85,-8.4830253278017,-11.6961939855535,-10.3589404763849,-10.1024988927754
26.89,-10.1522356827351,-11.6777575800378,-10.4695354357793,-10.5036683807061
26.93,-12.1992117321304,-11.3043934240684,-10.6044702419286,-10.1736849587011
26.97,-14.1001418289239,-10.5775794011945,-10.2653724622024,-9.6912710733166
