step,q1,q2,q3,q4,q5,q6,q7
0.01,0,0,0,0,0,0,0
0.05,-2.13848386373243e-12,3.39969780811971e-10,-1.28336447333117e-09,-7.00450363632051e-09,9.57330837024309e-09,2.18350089582505e-08,-3.07474150701609e-08
0.09,-3.65865389490242e-10,1.00379103996658e-09,-1.2913935386537e-09,-1.24336031462942e-08,-7.36548539960189e-11,3.78216155437764e-08,-1.26719377811077e-08
0.13,-1.61776851149817e-09,5.23857430602115e-09,2.68498219161838e-09,-2.08984117862865e-08,-5.27788773702205e-08,2.81486709323374e-08,8.10142840073746e-08
0.17,-3.75120217770146e-09,8.05099285515503e-09,1.77371535037054e-09,-2.32474648308487e-08,-3.19663566485895e-08,1.66459279501306e-10,1.14466137411892e-07
0.21,-6.54850257168083e-05,7.5293979065691e-07,-3.61979402025719e-09,-2.39159626596715e-08,5.17001030388657e-08,-0.000421165377812784,1.63862395564277e-07
0.25,-0.000535644161604681,0.000210468605384294,-1.52651933362672e-08,-2.53537418615321e-08,1.79916456932549e-07,-0.00353375909892357,2.39618541287176e-07
0.29,-0.00141095942467712,0.000775329964757089,-3.95594403385597e-08,-2.59977741266399e-08,3.52496004665135e-07,-0.00939953814257132,3.25917433378673e-07
0.33,-0.00258789245966149,0.00160769745754776,-7.75478460455571e-05,-2.77931876968247e-08,5.59645238374988e-07,-0.0173801756348484,4.68674788013535e-07
0.37,-0.00395921866145287,0.00263991975726969,-0.000766886241856741,-4.54883027407346e-08,0.00025724724650188,-0.027220868173119,7.10224277429508e-07
0.41,-0.00554213326983174,0.00385158645719759,-0.00222408891144435,-7.64049615349039e-08,0.00203652576886212,-0.0385506557507003,1.04900872837981e-06
0.45,-0.00738634854877213,0.00526657130030573,-0.0042682322286659,-1.11732562182898e-07,0.00512852481715677,-0.0515008940353425,1.42255058759191e-06
0.49,-0.00953299764711744,0.0069222542528199,-0.00677369151298811,-1.42081667061887e-07,0.00893212481817412,-0.0663759985752138,1.77429904921618e-06
0.53,-0.0120169486255502,0.00885618995770818,-0.00971904197058044,-1.55604926538991e-07,0.0130921061771019,-0.0834428643365349,2.13086831234653e-06
0.57,-0.0148669574946154,0.0111032750407018,-0.0131475198948421,-1.56965888510811e-07,0.0174582301054296,-0.102903966354315,2.50103488165345e-06
0.61,-0.0181071553123265,0.0136953442060636,-0.017134545876956,-1.72502530989117e-07,0.0219993873308274,-0.124900114300644,2.68462534813497e-06
0.65,-0.0217588582024832,0.0166615921916066,-0.0217682540292591,-1.83139759555086e-07,0.0267422434792548,-0.149520160986924,2.7731879768537e-06
0.69,-0.0258416679612623,0.0200292645797604,-0.0271390079652936,-1.98574298262427e-07,0.0317347676265456,-0.176811187607222,2.74398211108363e-06
0.73,-0.03037386668828,0.0238243604837237,-0.0333342940772492,-2.22831642164523e-07,0.0370273420223883,-0.206786154261911,2.34994772244971e-06
0.77,-0.0353646403700255,0.0280728384753803,-0.040383296830231,-5.30497169716869e-07,0.0429672952723835,-0.239640422823435,-0.00113845493435809
0.81,-0.0408119787856,0.0328004311430435,-0.0482613010454739,-1.32819002570559e-06,0.0501334800102037,-0.27576323240993,-0.00576208251334183
0.85,-0.0467415741559166,0.0380194122380302,-0.0570883916901485,-5.87715874347735e-05,0.0583001568671474,-0.314960993735105,-0.0128774203419303
0.89,-0.0531801627475698,0.0436673879532459,-0.0669444105759879,-0.00062339462468823,0.0671475797265624,-0.35722327142382,-0.0213295430445291
0.93,-0.0601475708521069,0.0497638384933679,-0.0779283147542513,-0.0017007847933291,0.0764709592332406,-0.402362878321442,-0.0305365410963972
0.97,-0.0676589383665844,0.0563697374273598,-0.0901375880574306,-0.00308519481636191,0.0861561048638317,-0.450130199175699,-0.0403213991211398
1.01,-0.0757270560910844,0.063529982355519,-0.103645236582412,-0.00466063613188141,0.0961445704314911,-0.500335432961332,-0.0507200987943284
1.05,-0.0843640088473129,0.0712742373553775,-0.118506256213835,-0.00639086612568221,0.10640982743785,-0.552828751338635,-0.0618666331526039
1.09,-0.0935819216145038,0.0796224344445478,-0.134764193832729,-0.00828568205764536,0.116938109544741,-0.607475264035532,-0.0739256741764748
1.13,-0.103393086415428,0.0885889518312035,-0.152455137362664,-0.0103772467262265,0.127715486732192,-0.664137726731757,-0.0870564945323046
1.17,-0.113809895486156,0.0981852464073325,-0.171609598862022,-0.0127062748086781,0.138720693516896,-0.722666528954587,-0.101396654738164
1.21,-0.124844759403405,0.108421303727369,-0.192253065391935,-0.0153148947240146,0.149922252862541,-0.782895075351608,-0.117057228190482
1.25,-0.136510017723099,0.119306304306961,-0.214405833381623,-0.0182435371211552,0.161278299164872,-0.844638689646135,-0.134123981589158
1.29,-0.148817831505449,0.130848823856088,-0.238082532295486,-0.0215300290774056,0.172737777775855,-0.907695562642271,-0.152660976100634
1.33,-0.161780081364888,0.143056785158744,-0.263291577913607,-0.0252097475009326,0.18424211012189,-0.971848731264026,-0.172714558575353
1.37,-0.175408294924637,0.155937300648294,-0.290034682158402,-0.0293161646076372,0.195726798007369,-1.03686847199744,-0.194316755748123
1.41,-0.189713597657867,0.169496489720358,-0.318306473413994,-0.033881436127387,0.207122730877872,-1.10251477433033,-0.217487746708512
1.45,-0.204706663279514,0.183739314925603,-0.348094236765933,-0.0389368792556413,0.218357149328824,-1.16853973695658,-0.242237454247942
1.49,-0.220397648035756,0.198669452925804,-0.379377760870699,-0.0445132969495344,0.229354322800452,-1.23468983021566,-0.268566454702544
1.53,-0.236796109159568,0.214289199735817,-0.412129272051144,-0.0506411575717608,0.240036038961735,-1.30070801972759,-0.296466440862238
1.57,-0.253910913795729,0.23059940347481,-0.446313439720311,-0.057350658160721,0.250321998292578,-1.36633576785247,-0.325920444140343
1.61,-0.271750141140434,0.247599417223853,-0.48188744333597,-0.064671702436901,0.260130181999637,-1.43131493443574,-0.356902968941928
1.65,-0.290320976644873,0.265287065802749,-0.518801095720176,-0.0726338205582384,0.26937723247614,-1.49538959514066,-0.389380136452368
1.69,-0.309629597583393,0.283658621684868,-0.556997020036578,-0.0812660514027083,0.277978862592231,-1.5583077899797,-0.423309888736682
1.73,-0.329681051877003,0.302708786599646,-0.596410878815765,-0.0905968022440231,0.285850295352801,-1.61982320896734,-0.458642271338057
1.77,-0.350479133327923,0.322430676581565,-0.636971653815575,-0.100653696244879,0.292906727511555,-1.67969681683352,-0.495319792594565
1.81,-0.372026255713429,0.342815809183753,-0.678601975357002,-0.111463415322264,0.299063807698279,-1.73769841457615,-0.533277847438119
1.85,-0.394323326985176,0.363854092255962,-0.721218499153257,-0.123051544103196,0.304238119986467,-1.79360813241719,-0.572445189222368
1.89,-0.417369624322647,0.385533814197844,-0.76473232778999,-0.13544241930227,0.308347666227513,-1.84721784657595,-0.612744432772366
1.93,-0.441162670957242,0.407841636033607,-0.809049473223725,-0.148658987623331,0.311312343563175,-1.89833251113561,-0.654092573855704
1.97,-0.46569811591358,0.43076258601221,-0.854071356110096,-0.162722674170054,0.31305441621536,-1.94677139596597,-0.696401513700089
2.01,-0.490969311150177,0.454280857889228,-0.89970219171438,-0.17765095692758,0.313528287483821,-1.99236086846597,-0.7395605182936
2.05,-0.516973304566066,0.478394904077429,-0.945972156953895,-0.193422310356061,0.313571703247138,-2.0347711470057,-0.782999639850617
2.09,-0.543698500627698,0.503095496985053,-0.992840098628688,-0.210034533119268,0.313585063750071,-2.07377156368418,-0.826320261666919
2.13,-0.571129636067171,0.528364877686066,-1.04018267575534,-0.22750587216937,0.313550215676395,-2.10922141615546,-0.869274822107017
2.17,-0.599245012455993,0.554148918740645,-1.08762731131442,-0.245923263060771,0.311774089521105,-2.14135511137191,-0.912636875658598
2.21,-0.628015208241406,0.580363598281102,-1.13464614582301,-0.265409711281281,0.305224107308654,-2.17066708205243,-0.957952349451715
2.25,-0.657430780904256,0.607000851863082,-1.18129036296449,-0.285933004427439,0.294991717119379,-2.19695638937039,-1.00468921889786
2.29,-0.68747663174583,0.634057590578685,-1.22765220207141,-0.307444162475641,0.282382734531135,-2.21996061647938,-1.05213362390883
2.33,-0.71812957162138,0.661519387691347,-1.27373777726074,-0.329910889594879,0.268105823517852,-2.23949882963595,-1.09976077075954
2.37,-0.749360928557982,0.689362772831478,-1.31948650205393,-0.353316016448983,0.252440008324372,-2.2554788978192,-1.14722271145138
2.41,-0.781138558611321,0.71755822644622,-1.36479903520001,-0.377652113844479,0.235428515338149,-2.26788355896232,-1.19430258924698
2.45,-0.813427818080617,0.746072361437069,-1.40955821206801,-0.402916364620186,0.217007058364141,-2.27675178419959,-1.24086938979336
2.49,-0.846191847990049,0.774869370406454,-1.45364253648865,-0.429106712477827,0.197077729243681,-2.28216191806905,-1.28684132133131
2.53,-0.879391570694012,0.803911910931773,-1.49693383480817,-0.456219388287638,0.175547089196181,-2.28421907448723,-1.33216000839342
2.57,-0.912985017678169,0.833157420653904,-1.53934109617461,-0.484377754055045,0.152172416621297,-2.2842579939872,-1.37686798116168
2.61,-0.946931885081574,0.862561042440862,-1.58079337167944,-0.513737083390471,0.126694415444877,-2.28415142868889,-1.42095706266219
2.65,-0.981179465491395,0.892094129690926,-1.62113632694336,-0.543916140420332,0.09957317917734,-2.28030693238111,-1.464104614689
2.69,-1.01567733762339,0.921725214784427,-1.66024001475437,-0.574658624494264,0.0710902127287196,-2.27043893779904,-1.50619126061247
2.73,-1.05038313268471,0.951409603529892,-1.69805211641675,-0.606070987429181,0.0410952392619697,-2.25626595702598,-1.54726266780265
2.77,-1.08524801740038,0.981100349902154,-1.73452091679126,-0.63824331053637,0.00948553859493584,-2.23923911488556,-1.58733083009565
2.81,-1.12021638249731,1.01075064190178,-1.76959104430565,-0.671215786845314,-0.0237717157668516,-2.22017392470578,-1.62637352548987
2.85,-1.15522909542109,1.04031428182131,-1.80320896594644,-0.704990597526819,-0.0586619724862728,-2.19948600335866,-1.664349409981
2.89,-1.19022541534062,1.06974547660734,-1.83532659392047,-0.73954507880858,-0.0951403983826165,-2.17739315316992,-1.70120993750098
2.93,-1.22514364256262,1.09899841724297,-1.86590290649861,-0.774841973167375,-0.133143206972235,-2.15403687912777,-1.73690710831858
2.97,-1.25992114847413,1.12802694655602,-1.89490465001535,-0.810836417757712,-0.172594943804283,-2.12954542961105,-1.77139793092995
3.01,-1.29449423391203,1.15678439262185,-1.92230663457799,-0.847480164799862,-0.213412964631035,-2.10406128153023,-1.80464665862214
3.05,-1.32879802706641,1.18522355170301,-1.94809184955957,-0.884723774233287,-0.255510007793532,-2.07774915270843,-1.83662568362266
3.09,-1.36276648998661,1.21329677152294,-1.97225147058572,-0.922517494132174,-0.298795545748562,-2.05079455422807,-1.86731569756754
3.13,-1.39633253250087,1.2409560878175,-1.99478477929346,-0.960811396385988,-0.34317642149233,-2.02339859352695,-1.89670548914632
3.17,-1.42942820640986,1.26815337940717,-2.01569900274868,-0.999555162404775,-0.388557121055638,-1.9957719788547,-1.9247915798777
3.21,-1.46198494919327,1.29484052045393,-2.03500907932628,-1.03869776294466,-0.434839906339957,-1.96812954209604,-1.95157779365201
3.25,-1.4939338520453,1.32096951930865,-2.05273735994477,-1.07818716412878,-0.481924936152341,-1.9406857112485,-1.97707479815945
3.29,-1.52520593485258,1.3464926409048,-2.06891325484581,-1.1179701176975,-0.529710436137106,-1.91365093708344,-2.00129962938019
3.33,-1.55573241768383,1.37136251416023,-2.08357283588062,-1.15799204986828,-0.578092936024027,-1.88722891160803,-2.02427520035101
3.37,-1.5854449834852,1.39553222781448,-2.0967584031102,-1.19819704081021,-0.626967569361998,-1.86161438227612,-2.04602979346019
3.41,-1.61427602995591,1.41895541824828,-2.10851802305103,-1.23852787773142,-0.676228420764402,-1.83699139086935,-2.06659653644286
3.45,-1.64215891039298,1.44158635199675,-2.1189050445944,-1.27892616306787,-0.725768903545551,-1.81353180929094,-2.08601286360307
3.49,-1.66902816411016,1.46338000469242,-2.1279775976914,-1.31933246135018,-0.775482152633756,-1.79139408685579,-2.10431996465156
3.53,-1.69481973726892,1.48429213752736,-2.13579807931486,-1.35968647164764,-0.825261421298288,-1.77072215756661,-2.12156222374443
3.57,-1.71947119489318,1.50427937204779,-2.14243263084846,-1.39992721577046,-0.875000474127435,-1.75164447996222,-2.13778665099865
3.61,-1.74292192463449,1.52329926397028,-2.14795061077777,-1.4399932350915,-0.924593972176244,-1.73427319769671,-2.15304230825278
3.65,-1.76511333258576,1.5413103765287,-2.15242406628199,-1.47982279081531,-0.973937848973606,-1.7187034181358,-2.16737973046163
3.69,-1.78598903115176,1.55827235358779,-2.15592720702713,-1.51935406389111,-1.02292967800865,-1.70501261093577,-2.18085034409011
3.73,-1.80549501871027,1.5741459925028,-2.15853588414468,-1.5585253517266,-1.07146903336934,-1.69326013039359,-2.19350588427095
3.77,-1.8235798505675,1.58889331657599,-2.16032707705667,-1.59727525957205,-1.11945784544147,-1.68348686548576,-2.20539781322762
3.81,-1.84019480054344,1.60247764696882,-2.16137839048601,-1.6355428850101,-1.16680075314577,-1.67571502074022,-2.21657674337606
3.85,-1.85529401241364,1.61486367397995,-2.16176756368728,-1.67326799445723,-1.21340545329555,-1.66994802991836,-2.22709186943967
3.89,-1.86884211217319,1.62603154946799,-2.16177681144731,-1.71039445114361,-1.25919929555574,-1.66629791235839,-2.23697724069602
3.93,-1.88080962536814,1.63596436963487,-2.16177620235963,-1.74686929128003,-1.30412275128672,-1.66490369131148,-2.24627611535003
3.97,-1.89114316596188,1.64460187598873,-2.1615687578875,-1.78261634943571,-1.34798958080153,-1.66487210512758,-2.25525358737519
4.01,-1.89976856908883,1.65185232883138,-2.16024695567019,-1.81755396442959,-1.39055634180598,-1.66487070611713,-2.2641649345188
4.05,-1.90666152106445,1.65769681475911,-2.15795357189738,-1.85165199758388,-1.43177098207202,-1.66505745735673,-2.27300578390349
4.09,-1.91184215516877,1.6621687814937,-2.1553543162897,-1.88492357005236,-1.47195611056111,-1.66829821243658,-2.28106950932702
4.13,-1.91530481485588,1.6652711528954,-2.15279988702185,-1.91731914010569,-1.51115990786177,-1.67539830091438,-2.28811442727128
4.17,-1.91701688966181,1.6669725258565,-2.15033722014304,-1.94874556127523,-1.54917399256068,-1.68494953791463,-2.29442423956264
4.21,-1.91719898222498,1.66731442427336,-2.14799692607778,-1.97901463023652,-1.58573914584097,-1.69602895170056,-2.30028320234173
4.25,-1.91603239398721,1.66714527531885,-2.14584388830758,-2.00811135122752,-1.62043353053476,-1.70843035724149,-2.30582027180451
4.29,-1.91259045195337,1.66522837809506,-2.14373533055568,-2.03625536909016,-1.65384589949587,-1.72120818641217,-2.31101559629167
4.33,-1.90699054015388,1.66108159433954,-2.1416827652958,-2.06329848065997,-1.68605228375009,-1.73406436406748,-2.31593818637087
4.37,-1.89946572029144,1.65507506381132,-2.13976912615071,-2.0891443757859,-1.71687034103309,-1.74703919382777,-2.32059510161714
4.41,-1.89014674998813,1.64748360677615,-2.13806064352849,-2.11373495564424,-1.74616580567424,-1.76012830865695,-2.32495799738934
4.45,-1.87908609312273,1.63842786181469,-2.13660391144963,-2.13703303143397,-1.7738667555681,-1.77325019511797,-2.32898312575792
4.49,-1.86629826668261,1.62793886678921,-2.13543124350568,-2.15901076320152,-1.79994391177643,-1.78626458619369,-2.33262315172332
4.53,-1.85178547099129,1.61600828169025,-2.13456591189705,-2.17964395265327,-1.82439348331081,-1.79899367238446,-2.33583219180652
4.57,-1.83555044049472,1.60261552106577,-2.13402521450465,-2.19890996356079,-1.84722565198703,-1.81123821504541,-2.33856667001408
4.61,-1.81760156906963,1.5877405043762,-2.13382204082029,-2.21678748455537,-1.86845775211144,-1.82278880128547,-2.34078430186214
4.65,-1.79795338331818,1.57136901805478,-2.13381509509077,-2.23323919761142,-1.88807481508427,-1.83337608363605,-2.34241412166291
4.69,-1.77662756634941,1.55349472502481,-2.13381093352807,-2.24822498622881,-1.90605405817399,-1.84272477682958,-2.34337791876204
4.73,-1.75365377167399,1.53411787602465,-2.13381376255936,-2.26172744043314,-1.92241298579699,-1.85063395653009,-2.34364680031256
4.77,-1.72906954911087,1.51324399266404,-2.13404175247216,-2.27378235241151,-1.93727858606554,-1.85689236242922,-2.34368360330959
4.81,-1.70290647612272,1.49087920148288,-2.13539583738912,-2.28449482609748,-1.95090817949633,-1.86157715645883,-2.34370974612166
4.85,-1.67519800044413,1.46703462712018,-2.13771114189571,-2.29384737017685,-1.96332827317568,-1.86443006089868,-2.34372924988936
4.89,-1.64598349185852,1.44172828342967,-2.14056880938431,-2.30179724694607,-1.97452363712062,-1.8651836708294,-2.34371441935628
4.93,-1.61531821204461,1.41502203461729,-2.14380641939214,-2.30824618673138,-1.98472057223104,-1.86519592232625,-2.34313372549063
4.97,-1.5832172716467,1.38693278959058,-2.1472745125246,-2.31301064219196,-1.99358860777465,-1.86512093548156,-2.33866441612634
5.01,-1.54970598609762,1.3574067918033,-2.15081890038412,-2.31621244284817,-2.00074809289111,-1.86207768255374,-2.33104628859734
5.05,-1.51483411666726,1.32642253882822,-2.15438968147559,-2.31801358206565,-2.00612335824879,-1.85386807327971,-2.32217707707889
5.09,-1.47867002811036,1.29404610599446,-2.15807927438112,-2.31846068454478,-2.01003784558083,-1.8415513436108,-2.31259528303986
5.13,-1.44121300569904,1.2603643329794,-2.16205853306987,-2.31846398768798,-2.01266248815,-1.82580907781236,-2.30267927372878
5.17,-1.40251218648156,1.22542619399726,-2.16637253657158,-2.31817539388282,-2.01413386943833,-1.80702626868301,-2.29237168574964
5.21,-1.36276777564971,1.18920227358159,-2.17077944730016,-2.3155097952314,-2.01473769972387,-1.78580650052374,-2.28081566148081
5.25,-1.32205161671585,1.15170707729207,-2.17525062776017,-2.31021015161414,-2.01479537614804,-1.76226933966509,-2.2678112648337
5.29,-1.28036385085614,1.11298010226096,-2.17987783168191,-2.30297241912901,-2.01482564437921,-1.73635783818876,-2.25353285229487
5.33,-1.23772777725082,1.07307002687009,-2.18469056881613,-2.29427391881583,-2.01484649181421,-1.70792256150274,-2.23802100359731
5.37,-1.194185172924,1.03202221472253,-2.18968701691812,-2.28434815190329,-2.01483585703748,-1.67686228712397,-2.22125889132409
5.41,-1.14979097000219,0.989882660814877,-2.1948399166293,-2.27328986600821,-2.01467908302341,-1.64310277224908,-2.2031694909665
5.45,-1.10463924132653,0.946750384444005,-2.19998257547195,-2.26124475355107,-2.01207934369659,-1.60604869410229,-2.18327829863524
5.49,-1.05880483762351,0.902683239145148,-2.20506341704772,-2.24826712911677,-2.00646939655569,-1.56558804365354,-2.16148290372959
5.53,-1.0123334309542,0.857690850706986,-2.21015626796785,-2.23431095113153,-1.99926821056734,-1.52211499240241,-2.13803804689726
5.57,-0.965276434419965,0.811794362655186,-2.2153125758376,-2.21934269049821,-1.99146820553515,-1.47596609119559,-2.11313438618938
5.61,-0.917692066232282,0.765028694522623,-2.22055627587354,-2.2033535078873,-1.98354980049725,-1.42738727960015,-2.08687259896754
5.65,-0.869642542797772,0.717437808303947,-2.22589431147781,-2.18635645873824,-1.97568412392829,-1.37656339076737,-2.05929207425363
5.69,-0.821191855389499,0.669070976841752,-2.23132608647369,-2.16838113354913,-1.96789051185229,-1.32364762362205,-2.03040062122824
5.73,-0.772404494839805,0.619980390764585,-2.23684957966556,-2.14946831564247,-1.96013043690273,-1.26878317680107,-2.00019643500185
5.77,-0.723344798520127,0.570219734728154,-2.24246486866935,-2.12966565310544,-1.95235622092113,-1.21211678396111,-1.96868157509538
5.81,-0.674076648836031,0.519843424072261,-2.24817576095697,-2.10902457948788,-1.94453205730588,-1.15380569270801,-1.93586866239574
5.85,-0.624663335832555,0.468906278000852,-2.25399024469383,-2.08759832082645,-1.93663980689995,-1.09402011738536,-1.90178307107072
5.89,-0.575167525791627,0.41746344076981,-2.25992025535885,-2.06544069718196,-1.92867748302013,-1.03294295350474,-1.86646261297786
5.93,-0.525651318993357,0.365570404342326,-2.26598110348602,-2.04260543555627,-1.92065502853934,-0.970768077981715,-1.82995612771476
5.97,-0.476176361327672,0.313283050138289,-2.27219077744676,-2.01914577559651,-1.91258979863083,-0.907698081491567,-1.79232180082651
6.01,-0.426803960951888,0.260657682908412,-2.27856923766264,-1.99511421880496,-1.90450283564523,-0.843941901037256,-1.75362558224596
6.05,-0.377595184072914,0.207751052960325,-2.28513775064218,-1.97056233313307,-1.89641628745633,-0.77971256969346,-1.71393980014333
6.09,-0.328610929300193,0.154620365497989,-2.29191828110149,-1.94554057493696,-1.88835195841031,-0.715225154911727,-1.67334192180052
6.13,-0.279911978985416,0.101323277295405,-2.2989329577853,-1.9200981273955,-1.88033083026489,-0.650694876800223,-1.63191335240381
6.17,-0.231559010220724,0.0479178843066174,-2.30620363397103,-1.89428277706387,-1.87237333801449,-0.586335357521689,-1.58973815843161
6.21,-0.183612542031325,-0.00553729709313403,-2.31375156374842,-1.868140859367,-1.86450016615343,-0.522356942728165,-1.54690164321316
6.25,-0.136132804632241,-0.0589833579516666,-2.32159720682139,-1.84171730166672,-1.85673331642128,-0.458965048507437,-1.50348877307705
6.29,-0.0891795324616072,-0.11236104070008,-2.32976015884932,-1.81505578081346,-1.84909718673442,-0.39635851226387,-1.45958253235712
6.33,-0.0428116971891322,-0.165610806241782,-2.33825918353982,-1.7881989926949,-1.8416194053909,-0.334727953990036,-1.41526235420153
6.37,0.00291279235042203,-0.218672928180046,-2.34711230125394,-1.76118900752725,-1.83433120050299,-0.274254180018937,-1.37060281461181
6.41,0.0479373902444664,-0.271487614405874,-2.35633687334554,-1.73406766179196,-1.82726716145768,-0.21510668104263,-1.32567277551381
6.45,0.0922071806352427,-0.323995152244182,-2.36594961809823,-1.70687692226444,-1.82046436291189,-0.157442286254281,-1.28053511171743
6.49,0.135669085917863,-0.376136069026935,-2.37596650586855,-1.67965915510984,-1.81396095218095,-0.101404032606104,-1.2352470620709
6.53,0.178272002438023,-0.427851296268064,-2.3864025058155,-1.65245724587973,-1.80779441638673,-0.0471202915886151,-1.18986112820651
6.57,0.219966864587242,-0.479082324282413,-2.39727118787292,-1.62531454212466,-1.80199981483268,0.0052958311650863,-1.14442633658986
6.61,0.260706650903761,-0.529771336145369,-2.40858421283817,-1.59827462277146,-1.79660826561939,0.0557468390938681,-1.09898961174435
6.65,0.30044635388859,-0.579861314751609,-2.42035076313127,-1.57138092898679,-1.79164591437703,0.104150973331693,-1.0535969986958
6.69,0.339142937581605,-0.629296122631178,-2.43257697300611,-1.54467631251312,-1.78713350718085,0.150442185976355,-1.0082945205649
6.73,0.376755304090171,-0.678020559245227,-2.44526541027459,-1.51820256526317,-1.7830865700745,0.194570020708049,-0.963128545717125
6.77,0.413244284008958,-0.725980403551124,-2.45841464597877,-1.49199998831431,-1.77951609451922,0.236499454667082,-0.918145641655496
6.81,0.448572658220095,-0.773122450438289,-2.47201892951839,-1.4661070428791,-1.77642956216686,0.276210738234375,-0.873391983980871
6.85,0.482705211814852,-0.819394548594413,-2.4860679696063,-1.44056010566132,-1.7738321204939,0.31369924868447,-0.828912450287311
6.89,0.515608815993721,-0.864745645184079,-2.50054680930977,-1.41539333145252,-1.77172773748281,0.348975354341152,-0.784749554138477
6.93,0.54725253113182,-0.909125840162199,-2.51543577734318,-1.39063861061381,-1.77012020554291,0.38206427120378,-0.740942366906498
6.97,0.577607723470359,-0.952486450714531,-2.53071049693918,-1.36632559993165,-1.7690139170991,0.413005885571001,-0.697525545362676
7.01,0.606648188517341,-0.99478008459284,-2.54634193632708,-1.34248180213401,-1.7684143840103,0.441854513894227,-0.654528542594026
7.05,0.634351542515667,-1.0359594604904,-2.56229779538887,-1.31913453316409,-1.76824662540632,0.468675716514411,-0.612036081429953
7.09,0.660703435285841,-1.07597385609922,-2.57854694749167,-1.29631540677524,-1.76809206471124,0.493547155045506,-0.570342024279867
7.13,0.685686230948127,-1.11477997780941,-2.59504870099659,-1.27404437797605,-1.76798338388289,0.51655803800647,-0.529456090259768
7.17,0.709286008634319,-1.15233573076952,-2.61175904876894,-1.25233911363834,-1.76791438878919,0.537812693854022,-0.489390950761392
7.21,0.731491709248395,-1.1886010596107,-2.62863049216526,-1.23121558442225,-1.76789662685312,0.557426862576724,-0.450136180190866
7.25,0.752294615505569,-1.22353871279195,-2.64561023795597,-1.210687826472,-1.76797139691446,0.57552801941486,-0.411652346846086
7.29,0.771687525630574,-1.25711507003805,-2.66263981384451,-1.19076756053228,-1.76827296822534,0.592265769667654,-0.373804281539625
7.33,0.789621801617035,-1.28933420295912,-2.67959880473175,-1.17144036110778,-1.77122684614361,0.607831521054622,-0.335060323197716
7.37,0.806089784335181,-1.32016906400926,-2.69640881801864,-1.15271723392057,-1.77708670307966,0.622391742624415,-0.295258082032404
7.41,0.821120172962527,-1.34956807967838,-2.7130326183989,-1.13462784878648,-1.78449973302168,0.636114463910123,-0.255139613321012
7.45,0.834736919331159,-1.37748886978966,-2.72941996860732,-1.11719560512075,-1.7925703878466,0.64915573136921,-0.215253611657755
7.49,0.846958580860623,-1.40389864385638,-2.74550774692352,-1.10043553419986,-1.80088537645739,0.661664585446607,-0.175898763708966
7.53,0.857801741509895,-1.4287715238725,-2.76122472197271,-1.08435589894517,-1.80932948738296,0.673792569106918,-0.137181737596556
7.57,0.867283655534439,-1.45208645275339,-2.7764950601634,-1.06896034369754,-1.8179412635225,0.685697961346764,-0.09908466523466
7.61,0.875423883388549,-1.47382582495406,-2.79124050633556,-1.05424972718542,-1.82682180741075,0.697545466044278,-0.0615221418766023
7.65,0.882245173518164,-1.49397468506904,-2.80538170487752,-1.0402233695616,-1.83608337464524,0.709503456854274,-0.0243820052036446
7.69,0.887773856102623,-1.51252032193598,-2.81883904749743,-1.02687974948916,-1.84582416673528,0.721740445917427,0.0124494526460062
7.73,0.892039941240273,-1.5294521225778,-2.83153324953267,-1.01421679922378,-1.85611891425371,0.734421759387592,0.0490744233124039
7.77,0.895077058677196,-1.5447615714502,-2.843385795769,-1.00223196056613,-1.86701803837372,0.747706830789847,0.0855787143712111
7.81,0.896922322461383,-1.55844231482804,-2.85431932539985,-0.990922130574569,-1.87855077486184,0.761747175812954,0.122031657300299
7.85,0.897616167706557,-1.57049024044794,-2.86425799539439,-0.980283580148047,-1.89072954698305,0.776684934001325,0.158488290729289
7.89,0.897599047790964,-1.58084505155956,-2.87332329387032,-0.970209285286146,-1.90335619857943,0.792748393850402,0.195111942451016
7.93,0.896711918930349,-1.58953670179215,-2.88133818144707,-0.960753912715116,-1.91653168616103,0.810005320182859,0.231861996873912
7.97,0.894347442773082,-1.59666466766042,-2.887928416703,-0.952064950325245,-1.93052510522189,0.828415380976246,0.268584982168691
8.01,0.890737336210373,-1.60220941922,-2.89310223679462,-0.944097609511479,-1.94525259537526,0.848112916030678,0.305353134018352
8.05,0.886139274105255,-1.60614969714952,-2.89688995080441,-0.936797794605697,-1.96061005435694,0.869223802598913,0.342243506784681
8.09,0.880711756571559,-1.60848089427768,-2.89928285829386,-0.930130608316746,-1.97652072903937,0.891841728498541,0.379302839950796
8.13,0.874546804406543,-1.60921180370807,-2.90024513592479,-0.924074557445565,-1.99293000426409,0.916031813350766,0.416554002049037
8.17,0.867710935449803,-1.6091088801121,-2.9002569286267,-0.917952564788931,-2.00976837237517,0.941459195262755,0.45423731474518
8.21,0.860342671644769,-1.60744602480314,-2.89945389027756,-0.912318403811701,-2.02686168560692,0.968158588289145,0.492336933881548
8.25,0.852356892419476,-1.60356852588476,-2.89623296143034,-0.9078571234515,-2.04442320622381,0.997014018089266,0.530307546717247
8.29,0.84380414920326,-1.59780557949339,-2.89075477649926,-0.904351373550165,-2.06241321009017,1.02789189776518,0.568229439111948
8.33,0.834770263525362,-1.59044816036926,-2.88339633282114,-0.901564921254522,-2.08074069939926,1.06053964116539,0.606235798948946
8.37,0.825336841255359,-1.58165227676267,-2.87436010685306,-0.899354341652935,-2.09932299498189,1.09478201818595,0.644390399233927
8.41,0.815577594303262,-1.57149016865772,-2.86370816909619,-0.897647758145623,-2.11808806261003,1.13050862111365,0.682700221837903
8.45,0.805561947723706,-1.55999451482984,-2.85143613956935,-0.896416480704164,-2.13696900316951,1.16763927663648,0.721141136472116
8.49,0.795357408413028,-1.54718414728218,-2.83751642480136,-0.895654134057612,-2.1559004534991,1.20610131656699,0.759673749239942
8.53,0.785030986585945,-1.53307651748643,-2.82192043471335,-0.895363369223411,-2.17481598588418,1.24581617236663,0.798252123295902
8.57,0.774660318141833,-1.51772485149825,-2.80463658899459,-0.895349917827836,-2.19365624773316,1.28664742488457,0.836762051746304
8.61,0.764328546622458,-1.50119880238012,-2.7856678766006,-0.895341497299074,-2.21236478871078,1.3284236179869,0.875068353463697
8.65,0.754105766781389,-1.48352726137372,-2.76501550430165,-0.895343001048951,-2.23087446156851,1.37100221686422,0.913110142468944
8.69,0.744057311066626,-1.46472906217782,-2.74268537244375,-0.895433266050159,-2.24911305312526,1.41424891474566,0.950859851815862
8.73,0.734177577603443,-1.44466809583281,-2.71864211976629,-0.896781784593557,-2.26693093911297,1.45831262939549,0.988638041644168
8.77,0.724507525768149,-1.42334822500982,-2.69289117709067,-0.899656013574946,-2.28422124232134,1.50313231786705,1.02648667814986
8.81,0.71514020599273,-1.40090542136512,-2.66548634058738,-0.903453434431273,-2.30092105268065,1.54843766758846,1.06419825111566
8.85,0.706158267592621,-1.37745085957274,-2.63648379483469,-0.907755947114148,-2.31695781144648,1.59396919942804,1.10159003982735
8.89,0.697631414026216,-1.3530654217166,-2.6059360981515,-0.912359766241909,-2.33225015615771,1.63949419998364,1.13852612803701
8.93,0.689620078920714,-1.32781067062799,-2.57389250761848,-0.917192916069954,-2.34671155324848,1.68480245170542,1.17490939373172
8.97,0.682178363712487,-1.30173801953864,-2.54040111543849,-0.92225065570517,-2.36025239301832,1.72969980177523,1.21066934453228
9.01,0.675355863036841,-1.27489485400476,-2.50551081274229,-0.927555647004553,-2.37278125377973,1.77400216958974,1.24575101278374
9.05,0.669198688746508,-1.24732811671424,-2.46927262143182,-0.933136215218996,-2.38420578028936,1.81753106011864,1.28010680096957
9.09,0.663749954424209,-1.21908609758044,-2.43174030341534,-0.939016136964191,-2.39443340247127,1.86011091036683,1.31369147811279
9.13,0.659049930385493,-1.1902190650522,-2.39297043947531,-0.945211106549596,-2.40337196085606,1.90156807564319,1.34645973632414
9.17,0.655136010704499,-1.16077923244128,-2.35302217568012,-0.951728652756808,-2.41093025904713,1.94173104047311,1.37836549814669
9.21,0.652042584570273,-1.13082040947432,-2.31195680067422,-0.958569529151067,-2.41701854972999,1.9804314059088,1.40936225155104
9.25,0.649800869115535,-1.10039756551944,-2.26983725872338,-0.965729478097708,-2.42154896465572,2.01750527781584,1.43940388098801
9.29,0.648438739632423,-1.06956642692043,-2.22672766016733,-0.973200835830203,-2.42443590121177,2.05279478777133,1.46844565402468
9.33,0.64798057561182,-1.03838315414265,-2.18269281766255,-0.980973785116391,-2.42559637953845,2.08614958131038,1.49644517348654
9.37,0.648001269410616,-1.00693523320064,-2.13747934002828,-0.98928259573642,-2.42565623388682,2.11750360471987,1.52308063353393
9.41,0.648790925907852,-0.975314540070231,-2.09120610283338,-0.997813997027064,-2.4256698980197,2.1470805665303,1.54754733717376
9.45,0.650976087399875,-0.943574763165428,-2.04425877859705,-1.00615826873675,-2.42557280403658,2.17490413501934,1.56953571580637
9.49,0.654430658940195,-0.911665104699306,-1.99691600156356,-1.01463136540834,-2.42232493788933,2.20004889942988,1.59078381031406
9.53,0.658984654925769,-0.879562466364984,-1.94935450686993,-1.02351880869841,-2.41368995241215,2.22185345410886,1.61261247988807
9.57,0.664514065040463,-0.847376526966814,-1.90144076619245,-1.03278078633578,-2.40113032540559,2.2405922822694,1.6343600138182
9.61,0.670963600256695,-0.8152101263552,-1.8530808408696,-1.04234478971539,-2.38587583676494,2.25651317811691,1.65537874042235
9.65,0.678317974946849,-0.783143082993466,-1.80425443162568,-1.05215111284824,-2.36854021023713,2.26973447232107,1.67525362324768
9.69,0.686576874367956,-0.751239223016869,-1.75498947078679,-1.06215552678309,-2.34933183748724,2.28028851542002,1.69376538195193
9.73,0.695741706350356,-0.719552796072002,-1.70534032165636,-1.07232668576063,-2.32824452745605,2.2881659336378,1.71083242357213
9.77,0.705809678638643,-0.68813301767554,-1.65537194705125,-1.08264234384991,-2.30517913035489,2.29334555331406,1.72645911644029
9.81,0.716771961319395,-0.657026741784028,-1.6051505904519,-1.09308582660587,-2.28001190016056,2.29581204589243,1.74069653398548
9.85,0.728617282076931,-0.626279459728347,-1.55472337043229,-1.10368437613296,-2.25269487884348,2.29604860175767,1.75359892925919
9.89,0.741340208481037,-0.595933490454229,-1.50408530224407,-1.11457858877406,-2.22338952211032,2.29604462717843,1.7651782044731
9.93,0.754908042104422,-0.56603350856347,-1.45331707008124,-1.12565270100938,-2.19190341539865,2.29468268243608,1.77551578280428
9.97,0.76925769021937,-0.536633141761613,-1.40259254897106,-1.13656841474718,-2.15767520164691,2.28774661568134,1.78480716576447
10.01,0.784364058366986,-0.507774885416882,-1.35194547499953,-1.14735433671812,-2.12071485583035,2.27597612195725,1.79313855599186
10.05,0.800205499986767,-0.479497068062893,-1.3013773456075,-1.1581028020711,-2.08117023114547,2.26095448367211,1.80055690450734
10.09,0.816751001742325,-0.451838900186085,-1.25089820360205,-1.16886423148896,-2.03916925403494,2.24361588010513,1.80709631856036
10.13,0.833962892062341,-0.424839844475048,-1.20052669577847,-1.17965245275569,-1.99480542424532,2.22440492793674,1.81279043033558
10.17,0.851799642736492,-0.398538377272006,-1.15028702902057,-1.19045773873599,-1.94814345454715,2.20351124102424,1.81767962388683
10.21,0.870217406107272,-0.372971176256193,-1.10020621789225,-1.20125740068255,-1.89923069329509,2.18101860602856,1.82181325830367
10.25,0.889170722360933,-0.348172742669221,-1.0503119477999,-1.21202279558497,-1.84810821366424,2.15698420252699,1.82524871933644
10.29,0.908612825998525,-0.32417529767595,-1.00063114574575,-1.22272330432757,-1.79481897489253,2.13147488422821,1.82804909694152
10.33,0.928495780240134,-0.301008807936621,-0.951189175033435,-1.2333281674438,-1.7394127093184,2.10457989363737,1.83028066525137
10.37,0.948770559569288,-0.278701046538359,-0.902009523050395,-1.24380702547065,-1.68194818660884,2.07641195189141,1.83201074376502
10.41,0.969387133939233,-0.257277643735648,-0.853113825943209,-1.25412979996255,-1.62249373389369,2.04710348933944,1.8333061081251
10.45,0.990294573537216,-0.236762113320492,-0.804522094118094,-1.26426633266211,-1.56112676647953,2.01680153149955,1.83423190047767
10.49,1.01144117209175,-0.217175856561886,-0.756253033552618,-1.27418602069226,-1.49793285914097,1.9856628510685,1.83485090815195
10.53,1.03277457903599,-0.198538151252298,-0.708324392860804,-1.28385756139712,-1.43300467934918,1.95384996198962,1.83522307779081
10.57,1.05424193211866,-0.180866133329216,-0.660753294872511,-1.2932488432938,-1.36644095062382,1.92152802221681,1.83540516495869
10.61,1.07578998720654,-0.164174806274231,-0.61355642642287,-1.30232740179998,-1.29834418111265,1.88886196809038,1.83545436919216
10.65,1.0973656486394,-0.148477102391518,-0.566749187637631,-1.31106375054297,-1.22880911561522,1.85601273577836,1.83548634011877
10.69,1.1189151522223,-0.133783550262121,-0.520348303545559,-1.31942299261094,-1.15795128637682,1.82314195259882,1.83552897234912
10.73,1.14038459816441,-0.120102331307688,-0.4743717266571,-1.32736756712918,-1.0858962022443,1.79040865162281,1.8355716430228
10.77,1.161720290379,-0.107439489987942,-0.428837834178894,-1.33486056363651,-1.0127705506408,1.75796754524167,1.8356135234163
10.81,1.1828686856261,-0.0957989281520717,-0.383765725435671,-1.34186603909649,-0.93870101187767,1.7259667061904,1.8356523698566
10.85,1.20377660015246,-0.0851823680530505,-0.339175202192475,-1.34834954791811,-0.863813691340687,1.69454670543523,1.83568898437263
10.89,1.22439125979521,-0.0755893702002099,-0.295086593389729,-1.35427851775901,-0.788234072465481,1.66383949833712,1.835725212554
10.93,1.24466058075464,-0.0670173121209275,-0.25151977825721,-1.35962364356033,-0.712082120101373,1.63396522640227,1.83578587750493
10.97,1.26453489191304,-0.0594611166072078,-0.208484620207473,-1.36436856712229,-0.635433288319967,1.60501962391141,1.83615734376232
11.01,1.28396367356204,-0.0529136044564984,-0.165999525011211,-1.36848466707448,-0.558409042050978,1.57710058134292,1.83686289277999
11.05,1.30289634729774,-0.0473655495115817,-0.124086528180807,-1.37193949730516,-0.481147831473204,1.55029835914103,1.83782364508821
11.09,1.32128342707197,-0.0428055240228399,-0.0827671850607611,-1.37470240779409,-0.40378495378935,1.52469021369565,1.83898507157957
11.13,1.33907651435723,-0.0392199907065508,-0.0420622101826982,-1.37674478089386,-0.326451160377137,1.50033956993102,1.84031650213187
11.17,1.35622827589938,-0.0365933968269518,-0.00199163271922673,-1.37803962274236,-0.249273195261953,1.47729561371694,1.84180034112106
11.21,1.37269241319023,-0.0349082538930355,0.037425089930955,-1.37856106836617,-0.172374527107385,1.45559315155927,1.8434240166881
11.25,1.38841733203867,-0.0341928881356861,0.0761630844759422,-1.37857901733212,-0.0958977412908161,1.43507743959905,1.84517942626422
11.29,1.40338792524454,-0.0341688778114158,0.114165499992061,-1.37857392236507,-0.020059649153083,1.41526403062372,1.84702940702076
11.33,1.4176012476342,-0.0344736746887022,0.151420309002076,-1.37793437817997,0.0550172940738276,1.39635211228669,1.84889204374268
11.37,1.4309161862323,-0.0360260171501797,0.188017601066138,-1.37540211757049,0.129506708132486,1.37964938889432,1.85075234845042
11.41,1.44328558751503,-0.0387965781608623,0.223925853488685,-1.37129848106437,0.203279983547701,1.36494572008161,1.85263283707766
11.45,1.45469216891746,-0.0425152032897863,0.259093111693027,-1.36605017683729,0.276152941134419,1.35180248569234,1.8545546625886
11.49,1.46511278616457,-0.047010866127786,0.293481902198358,-1.3598736285771,0.347971546855865,1.33990910451956,1.85651383868907
11.53,1.47451687949232,-0.0521999892392954,0.327067689147173,-1.35283962380085,0.418611045906945,1.32906888963831,1.85848354654635
11.57,1.48286935236866,-0.0580428521863915,0.359833681042209,-1.34494297626189,0.487967357383965,1.31915401644966,1.8604241178498
11.61,1.49013358455943,-0.0645157682447142,0.391766852837939,-1.33614581431485,0.555949993896663,1.31006910942318,1.86229151285503
11.65,1.49627362164036,-0.0715973049290842,0.422855826570423,-1.32640092843451,0.622477263494008,1.30172701144857,1.86404235542576
11.69,1.50125514980864,-0.0792627434384136,0.453090162411858,-1.31566309586422,0.687473540302072,1.29403507539077,1.86563596035523
11.73,1.50504549651022,-0.0874828708443098,0.482460402821892,-1.3038937365739,0.750868123400687,1.28688915508012,1.86703459682201
11.77,1.50761334358713,-0.096224621547737,0.510958313978048,-1.29106205541682,0.812595045843026,1.28017232509402,1.86820311498799
11.81,1.50892866059152,-0.105452065742404,0.53857711715003,-1.277144493421,0.872593262098891,1.2737559252797,1.86910855184553
11.85,1.50910897276909,-0.115107514926124,0.565203610181942,-1.26212260053705,0.930787287689733,1.26747553069533,1.86973259984735
11.89,1.50884155970252,-0.125066327363561,0.590363898291575,-1.24599009444628,0.987029771894787,1.26103901588469,1.87011778566296
11.93,1.50682526423393,-0.135440025168919,0.614915600340216,-1.22873258390567,1.04144753702987,1.25454653575868,1.87018318885804
11.97,1.50280864073679,-0.146217937054266,0.639032743111711,-1.21031580056963,1.0940610203989,1.24787645127605,1.87021184405268
12.01,1.49712403778136,-0.157316557065362,0.662482869775289,-1.19072918695332,1.14480016972754,1.24080580828203,1.87023558833457
12.05,1.4899927240568,-0.168663436498065,0.685103476760871,-1.1699671874486,1.19360765360604,1.23313222468197,1.87025196263824
12.09,1.48150307974283,-0.180200521028987,0.706822142202051,-1.1480286622112,1.24044360492971,1.22467969010762,1.87025103272346
12.13,1.47166685884595,-0.191878879358918,0.727623603574275,-1.12491540559424,1.28528236952095,1.21529049842406,1.87023004727401
12.17,1.46046133673076,-0.203652785977902,0.747517377994283,-1.10067989834082,1.32806769090484,1.20483500344006,1.86970030004072
12.21,1.44785173754416,-0.215471663398014,0.766515628724452,-1.07551445640044,1.36864515263409,1.19323551886257,1.86658684208774
12.25,1.43381160337537,-0.227295541855091,0.784669301420239,-1.04938897612734,1.40706342250867,1.18035051792294,1.86149963086258
12.29,1.41832081361006,-0.239085819494029,0.802031917486788,-1.02223085731273,1.44341039655296,1.16603027384909,1.85552173833076
12.33,1.40136349286676,-0.250800591907035,0.818647716109313,-0.994001033621528,1.47774985678454,1.15013848993251,1.84923865869646
12.37,1.38292831781809,-0.26239610688224,0.834554576119195,-0.964690253363736,1.51012427841403,1.13255523377943,1.84287168354095
12.41,1.36300854208475,-0.273827980429695,0.849787918955684,-0.93430960990114,1.54056300516466,1.11317701756661,1.83645158109954
12.45,1.34160171572432,-0.285051827879023,0.86438335760344,-0.902882539200815,1.56908969612464,1.09191561533253,1.82993025772462
12.49,1.31870921169324,-0.296023607812894,0.878378183317,-0.870439162345907,1.5957277801441,1.06869674128517,1.82324162522071
12.53,1.29433577167988,-0.306699821601584,0.89181200594536,-0.837012795158085,1.62050379020308,1.0434591303824,1.81633029119513
12.57,1.268489201779,-0.31703760312376,0.90472689017272,-0.802638115906916,1.64344897034636,1.01615410804552,1.80916193697306
12.61,1.24118022158227,-0.326994748142727,0.917167228198157,-0.767350431775431,1.66459971814343,0.98674555007865,1.80172433983539
12.65,1.21242239542902,-0.336529746707734,0.929179495167513,-0.731185575558809,1.68399737400436,0.955210080562794,1.79402435280151
12.69,1.18223209288272,-0.345601845809905,0.94081196199883,-0.694180096701756,1.70168771861716,0.921537358291489,1.78608371832429
12.73,1.15062847143354,-0.354171127255211,0.952114399904922,-0.656371538743563,1.71772039306422,0.885730336435937,1.77793508318549
12.77,1.11763348853041,-0.36219857847413,0.96313779131717,-0.617798693766744,1.73214835673092,0.847805426606564,1.76961872357584
12.81,1.08327193470448,-0.369646151796112,0.973934052384181,-0.57850178773345,1.74502743983584,0.807792537879564,1.76118005055194
12.85,1.04757146791005,-0.376476820344474,0.984555767869732,-0.538522585301939,1.75641601059419,0.765734985148551,1.75266777398858
12.89,1.01056263567336,-0.382654635973234,0.995055938114379,-0.497904419337118,1.76637475281971,0.721689273732368,1.74413254342459
12.93,0.972278884395572,-0.388144787305688,1.00548773826557,-0.456692156358099,1.77496653706868,0.675724775060711,1.73562588963091
12.97,0.93275656009781,-0.392913654416427,1.01590429047952,-0.414932108874796,1.78225636372868,0.627923313742636,1.72719932492027
13.01,0.89203490133782,-0.396928860538015,1.02635844907573,-0.372671902314023,1.78831135267912,0.578378688942427,1.71890350415384
13.05,0.850156020579569,-0.400159324703114,1.03690259620737,-0.329960301203805,1.7932007460002,0.527196152650118,1.71078739310187
13.09,0.80716486967277,-0.402575319704825,1.04758844156257,-0.286846998691137,1.796995877275,0.474491864393842,1.70289743362895
13.13,0.76310918703326,-0.404148538388471,1.05846681452608,-0.243382376162862,1.79977004684733,0.420392335421627,1.69527673634308
13.17,0.718039425632004,-0.404852169806395,1.06958743244201,-0.199617245588027,1.80159823281396,0.365033863724439,1.68796436996339
13.21,0.671989144357037,-0.404890350341031,1.08089108261584,-0.155689533240786,1.80254668006978,0.308414967796791,1.68105962399003
13.25,0.624981398672572,-0.404615473590476,1.092274658779,-0.111771815815897,1.8028575650139,0.250433670746715,1.67459663666017
13.29,0.57716729613027,-0.402926923245773,1.10421442613712,-0.0674871624669642,1.80323247785575,0.191879085198792,1.66811689495938
13.33,0.528609620883627,-0.399779781768727,1.11676184103394,-0.0228519635931208,1.80364501554181,0.132989897000133,1.66159977444183
13.37,0.479342171305043,-0.395459669592662,1.12983772603743,0.0219779564249958,1.80385601857199,0.0738277155296059,1.65519761083947
13.41,0.429409277129591,-0.390132204862116,1.14338660072328,0.0669012524034628,1.80390880699267,0.0144954596247746,1.64900147986871
13.45,0.378876814381748,-0.383852235082195,1.1574392174324,0.111809327443787,1.80374933446928,-0.0448718156369155,1.64261568157299
13.49,0.32780906553839,-0.376618477676612,1.17200103591159,0.156652120866472,1.80343923966713,-0.10409127970945,1.63614430490023
13.53,0.276275073788557,-0.368425956432,1.18714307415102,0.201187932374813,1.80121760532212,-0.163018079987678,1.63139532373033
13.57,0.224356260447736,-0.359263964710306,1.20300899990082,0.24518064315573,1.79586207140458,-0.221587296771518,1.62890251278833
13.61,0.172123370229384,-0.349104868591089,1.21955566892145,0.288693254665347,1.78885365960247,-0.279652846378726,1.6279687511556
13.65,0.119649081884325,-0.337924656303728,1.2367519880081,0.331795723503991,1.78149078149724,-0.337037155223699,1.62778286197955
13.69,0.0670085961115775,-0.325706985811138,1.25460245172775,0.374523608657339,1.77453711295669,-0.393550459220874,1.62761486312342
13.73,0.0142748490006251,-0.312442295138851,1.273088462301,0.416869143051496,1.76817305142067,-0.449009011914316,1.62750466510643
13.77,-0.0384785257434553,-0.298125576684354,1.29220171269509,0.458812600418004,1.76247834880001,-0.503235205443754,1.62742954508771
13.81,-0.0911764942236118,-0.282756455207644,1.31194049439725,0.500316732537772,1.75743657376689,-0.556067915747151,1.62737807713782
13.85,-0.143742606802022,-0.266340164470729,1.33231583165468,0.541320157951342,1.75286861820316,-0.607380039123015,1.62740662947009
13.89,-0.196099561121035,-0.248884515693545,1.35333256191837,0.581767173208672,1.74869123846611,-0.657053814373714,1.6274742331627
13.93,-0.248175250103433,-0.230394743985403,1.37496250403183,0.621596032752972,1.74483003714137,-0.704978440993648,1.62793015665257
13.97,-0.299905830668634,-0.210871947485703,1.39711844186559,0.660645661699747,1.74069601964168,-0.751095529791931,1.63080768045028
14.01,-0.351213686514664,-0.190330145202007,1.41981937294095,0.698868561779007,1.73639464728599,-0.795320945724277,1.63566462645529
14.05,-0.402018256169338,-0.168789009378911,1.44310672565217,0.736259794693033,1.73222937196259,-0.837573751489186,1.64138989273385
14.09,-0.4522446511706,-0.146267213768643,1.46699267025777,0.77281273565522,1.72841906102329,-0.877784621385746,1.64733174275171
14.13,-0.501822438591068,-0.122783176093653,1.49146598226738,0.808513915975634,1.7250966577696,-0.915897505261026,1.65320327399906
14.17,-0.55068414637756,-0.0983561852078132,1.51650206322232,0.84334246371076,1.72233281114666,-0.951871909278956,1.65892302355416
14.21,-0.59876441358619,-0.0730070494051648,1.54206997941495,0.877271877086838,1.72016005639277,-0.985684020336975,1.66450559504957
14.25,-0.645999663469836,-0.0467583663271268,1.56813640468697,0.910272686637886,1.71859199791591,-1.01732664098991,1.66999764522053
14.29,-0.692328136088875,-0.0196345784347188,1.59466746986004,0.942314964269924,1.71763611164888,-1.04680843538299,1.67544472999437
14.33,-0.737690104350281,0.00833807682480775,1.62162940458755,0.973370191631471,1.71730090151256,-1.07415295909551,1.68087715976415
14.37,-0.782025982383399,0.03711647890339,1.64901684814284,1.00337133031349,1.71724961698206,-1.09947684875104,1.686522244427
14.41,-0.825278873918526,0.0666578695677407,1.67681549199517,1.0322674893736,1.71720993463923,-1.12290255445399,1.69253883958073
14.45,-0.867398459803577,0.0969292322187282,1.70498725612258,1.0600390269702,1.7171842926285,-1.14451405213813,1.69893552730666
14.49,-0.908337387279454,0.127897283259625,1.73349109511795,1.08667519088016,1.71719896964542,-1.16439883546109,1.70568677319608
14.53,-0.948051338097011,0.159530718934142,1.7622812714359,1.112176769513,1.71732862984087,-1.18264064920013,1.71271991506156
14.57,-0.986508691541568,0.191889369849796,1.79118355350054,1.13674021074916,1.71971227202798,-1.19882344771149,1.71876667672216
14.61,-1.02366923333604,0.224973842871757,1.8201186527038,1.16042498170498,1.72514388277328,-1.21283523224984,1.72335880068013
14.65,-1.05948470030289,0.258690530005579,1.84914814823737,1.18311317458767,1.73237726264193,-1.22504568713325,1.72709013797518
14.69,-1.09391511835863,0.292959840520955,1.8783052326193,1.2047121763677,1.74053090129549,-1.23579648263069,1.73043410018029
14.73,-1.12692899251582,0.327722099271218,1.9075870757031,1.22516941862043,1.74920420554968,-1.2453473818711,1.73365478137958
14.77,-1.15850061601246,0.362929878461585,1.93696860763609,1.24446335798563,1.75828992013064,-1.25389381633028,1.73685801187667
14.81,-1.18860834805767,0.398541693124982,1.96641421945806,1.26259288839274,1.76782532871779,-1.26159180954588,1.74005059543774
14.85,-1.21723383083516,0.434518045662427,1.99588519663253,1.27956858791215,1.77790250145786,-1.26857850696927,1.74318849287414
14.89,-1.24436171159393,0.470819267996436,2.02534365413433,1.29540663418596,1.78862078916801,-1.27498582945253,1.74621016384367
14.93,-1.26997962414155,0.507404532955475,2.05475423904065,1.31012515182682,1.80006531346437,-1.28094785895823,1.74905648918792
14.97,-1.29407826541619,0.544231555110008,2.08408456105628,1.32374238086353,1.81229998512386,-1.28660365087506,1.75168063222562
15.01,-1.3166514770389,0.581256652311322,2.11330501049246,1.33627603095835,1.8253677616106,-1.29209718783736,1.75405133654253
15.05,-1.33769628221911,0.618434965793001,2.14238834863761,1.34774330355143,1.83929386694928,-1.29757581395064,1.75615251440839
15.09,-1.35721286159811,0.655720725990207,2.17130926732459,1.35816122048495,1.85408968480704,-1.30318804800733,1.75798112753269
15.13,-1.37520447590167,0.69306750797996,2.20004400179819,1.36754703545449,1.86975625466885,-1.30908130449157,1.75954459164131
15.17,-1.39167735343923,0.730428453444405,2.22857001907681,1.37591860861186,1.8862869922787,-1.31539978757013,1.76085835549562
15.21,-1.40664055939133,0.76775645366067,2.25686577496097,1.38329469410554,1.9036696094135,-1.3222826563813,1.76194392084415
15.25,-1.42010585783528,0.80500429678546,2.28491052252865,1.38969513112615,1.92188736125822,-1.32986246784742,1.76282734668161
15.29,-1.4320875720722,0.84212478665023,2.31268415450035,1.39514094902794,1.94091979280238,-1.33826386223161,1.76353817164642
15.33,-1.44260244586695,0.879070841435311,2.34016706545583,1.39965440403994,1.96074314495373,-1.34760244620973,1.76410864982295
15.37,-1.45166950702938,0.915795579865163,2.36734002429315,1.40325896518444,1.98133054905841,-1.35798383294765,1.76457319564702
15.41,-1.45930993417957,0.952252400639037,2.39418405106395,1.40597926436228,2.0026521027337,-1.36950280875548,1.76496795183829
15.45,-1.46554692700313,0.988395058481006,2.42068029501589,1.40784102227402,2.02467488863987,-1.38224260619381,1.76533041764434
15.49,-1.47040557985353,1.02417773824183,2.44680991244238,1.40887095877391,2.04736297393166,-1.39627427198509,1.76569909648919
15.53,-1.47390974386141,1.05955260892741,2.47255233820186,1.40911735319857,2.07068279060011,-1.41166106716101,1.7660972493206
15.57,-1.47602775913849,1.09441857688172,2.49786005007529,1.40912640605006,2.0946718143438,-1.42856548563682,1.76632319834607
15.61,-1.47676413627696,1.12870232066663,2.52269339038473,1.40912316427487,2.11927352337529,-1.44708699219497,1.76653169926709
15.65,-1.47673788825352,1.16244711813305,2.54732749695478,1.40854503299992,2.1442045910294,-1.46718749217771,1.76658303770692
15.69,-1.47579090373579,1.19576285368677,2.57164540997032,1.40600529820917,2.16940379481737,-1.48846161300453,1.7669141188386
15.73,-1.47317542857307,1.22851515094017,2.59525027559436,1.40209945675947,2.19503870289875,-1.51092752820694,1.76810782537157
15.77,-1.46909689272832,1.26061680752342,2.61819332601875,1.39737211067612,2.22105374522268,-1.53469740047427,1.76997822423603
15.81,-1.46380130878618,1.29200897944566,2.64055255526593,1.39210677722166,2.2473719983155,-1.55982277033225,1.77228674256982
15.85,-1.45743158701553,1.32264588804402,2.66235837022694,1.38642638698026,2.27392063447398,-1.5862969063475,1.77490487489572
15.89,-1.4500607675291,1.35248906474873,2.68360669427694,1.38037195733266,2.30062997960542,-1.61406992942656,1.7777908148284
15.93,-1.44172924955464,1.38150414496405,2.70427472306132,1.37394966941328,2.32743093887714,-1.64306286782003,1.7809535327169
15.97,-1.43246622171671,1.40965886517308,2.72433110841757,1.36715597527236,2.35425361107809,-1.67317708368489,1.78442531681318
16.01,-1.42229952756005,1.43692200156771,2.7437413297878,1.35998936356806,2.38102683124767,-1.70430009231201,1.78824429720422
16.05,-1.41125931465733,1.46326301670449,2.76247005287472,1.35245460643393,2.40767816319753,-1.73630888294374,1.79244473084737
16.09,-1.39937881930122,1.48865209458897,2.78048194381692,1.34456323176289,2.43413403910865,-1.7690716995973,1.7970524916111
16.13,-1.38669400984089,1.51306030736126,2.79774174584852,1.33633240163069,2.46031992383588,-1.8024489974734,1.80208369003514
16.17,-1.3732429055419,1.53645977201532,2.81421410277189,1.32778335085066,2.48616046742524,-1.83629403367417,1.80754492165808
16.21,-1.35906492104955,1.55882376761004,2.82986334738884,1.3189399107758,2.51157964953756,-1.87045338534394,1.81343419130579
16.25,-1.34420036114998,1.5801268336493,2.84465334903569,1.30982730756323,2.53650092650701,-1.90476755060776,1.81974196870149
16.29,-1.32869007813086,1.6003448680465,2.85854744392647,1.30047126835471,2.56084739040897,-1.93907169488001,1.82645211967516
16.33,-1.31257525505027,1.61945522133035,2.87150844413763,1.29089740574502,2.58454194536574,-1.97319654514472,1.83354263344241
16.37,-1.29589726824488,1.63743677186935,2.88349871172581,1.28113082737494,2.60750750176743,-2.00696940641403,1.8409861580443
16.41,-1.27869759385698,1.65426997205555,2.89448028361916,1.27119591057112,2.62966718479438,-2.04021526758941,1.84875039038444
16.45,-1.26101773992318,1.66993686800688,2.90441503489313,1.26111618557668,2.65094455110445,-2.07275796755787,1.85679837064383
16.49,-1.24289919711632,1.68442110357786,2.91326487048663,1.25091428260261,2.67126380783419,-2.10442139815243,1.86508872207471
16.53,-1.22438340500862,1.69770791900867,2.92099193773243,1.24061191332941,2.6905500306835,-2.13503072480322,1.87357586639834
16.57,-1.20551172986301,1.70978414888061,2.92755885406614,1.23022987128218,2.70872938122885,-2.16441360816356,1.88221023585859
16.61,-1.18632544877175,1.72063821889349,2.93292894590554,1.21978804439048,2.72572932626422,-2.19240141187402,1.8909384958959
16.65,-1.16686573563451,1.7302601393552,2.93706649594395,1.20930543697044,2.74147886333502,-2.21883038371867,1.89970378726688
16.69,-1.14717364660368,1.73864149449573,2.93993699701438,1.1988001993671,2.75590875692486,-2.24354279971745,1.90844599319289
16.73,-1.12729010468334,1.74577542844305,2.94150741131524,1.18828966368836,2.76895178936249,-2.26638806277624,1.9171020355625
16.77,-1.10726113410408,1.75165435741877,2.94181768990883,1.17777968958303,2.78053539322446,-2.28717942796966,1.92556009269556
16.81,-1.08718574222987,1.75624168005864,2.94179373070423,1.16718064675115,2.79051933111123,-2.30528242611667,1.93322726417465
16.85,-1.06704524956851,1.7595672392533,2.94044247971014,1.15661462416599,2.79893350905515,-2.32108695840196,1.94058353271177
16.89,-1.04681611107751,1.76166658798115,2.93669523445199,1.14620533918773,2.80579658023026,-2.33499577036647,1.94808839428458
16.93,-1.02656137185996,1.76252700054676,2.93094816684781,1.13593164668062,2.81101993807322,-2.34673230037472,1.95548038263067
16.97,-1.0064106270033,1.76254895048507,2.92355536258551,1.12543513765588,2.81453035643863,-2.35607854436623,1.96246576360178
17.01,-0.986437800828623,1.76188644035889,2.91468217336249,1.11461991036731,2.81627414499319,-2.36288544282756,1.96883875273342
17.05,-0.966501447135962,1.7593176196793,2.90451113342912,1.10436274809944,2.81650456424224,-2.36674430164808,1.97459589136752
17.09,-0.946631928013888,1.7549924998203,2.8929858337288,1.09463938602105,2.81655974028392,-2.36753194302201,1.97984997983147
17.13,-0.926892553010896,1.74926512369851,2.87988380577848,1.0854481838412,2.81653209066326,-2.36753850983828,1.98466277732188
17.17,-0.907360579513627,1.74232823071614,2.86518730254149,1.076623281513,2.81589405953133,-2.36642001656527,1.98887808002772
17.21,-0.888192666061632,1.73421876396484,2.8492593981309,1.0676510188137,2.81029348647,-2.36021035362552,1.99155345882014
17.25,-0.869434032648391,1.72496327544947,2.83209381764732,1.05851531159194,2.799433655826,-2.34924161676614,1.992559118121
17.29,-0.85108166198177,1.71458036799693,2.8135485830169,1.04935016694832,2.78519859140764,-2.33483893017781,1.99260323281965
17.33,-0.833144390802167,1.70307248558451,2.79351882455078,1.04024727974542,2.76886993459273,-2.31777634158042,1.99262078184613
17.37,-0.815638977459113,1.69043989925394,2.77199242668984,1.03127819606115,2.75102012920258,-2.29837089469673,1.99261656768876
17.41,-0.798589733346235,1.67668468122042,2.74899920640987,1.02248883932257,2.73180506076456,-2.27672542498315,1.99237015494873
17.45,-0.782013136649636,1.6618224276607,2.7247347765574,1.01400775707552,2.71104127505921,-2.25276539396276,1.98897309315695
17.49,-0.765940605235626,1.64586488218411,2.69927425143668,1.00587280663709,2.68865034659428,-2.22649282725206,1.98195372131342
17.53,-0.750412678834258,1.62882056115735,2.67259227192118,0.998048131975238,2.6646419599358,-2.19799694331722,1.97273744576372
17.57,-0.735466222187938,1.61070351798209,2.64469316316028,0.990505973580177,2.63901118943414,-2.16738343869558,1.96223186863365
17.61,-0.721133789217968,1.59153238080143,2.61561118740444,0.983232328896764,2.61174685233703,-2.13477060063476,1.95082216333345
17.65,-0.707444469494806,1.57132832394313,2.58540093740259,0.97622440490593,2.58284279153823,-2.10028796511281,1.93859501402492
17.69,-0.694424539695581,1.55011388557144,2.55412916348171,0.969487281087663,2.55230439671605,-2.06407570465495,1.92550048290977
17.73,-0.682097881206149,1.52791239765089,2.52186965381104,0.963030929616385,2.52015105215746,-2.02628391948103,1.91144518668388
17.77,-0.670486192684044,1.50474777989434,2.48870020524626,0.956867965492055,2.48641592186393,-1.98707173033204,1.89633910385277
17.81,-0.659609071296033,1.48064449809188,2.45470106405706,0.951012156315601,2.45114426184158,-1.94660606714972,1.88011482203378
17.85,-0.649484010196675,1.45562758156203,2.41995421393038,0.9454775625004,2.41439118300032,-1.9050602667144,1.86273207783221
17.89,-0.640126347407178,1.42972264540587,2.38454310259862,0.940278127968711,2.37621944664464,-1.86261257945463,1.84417547266152
17.93,-0.631549187805206,1.40295589738978,2.3485525356673,0.935427554596453,2.3366975915943,-1.81944466373135,1.82444979606515
17.97,-0.623763312730566,1.3753541262754,2.31206858761038,0.930939329684027,2.2958984839844,-1.77574010598275,1.80357517009971
18.01,-0.616777086680749,1.34694467574212,2.27517845781311,0.926826816335645,2.25389825780265,-1.73168298098626,1.78158292820781
18.05,-0.610596367245755,1.31775540927899,2.23797024928291,0.923103351688729,2.21077555795868,-1.68745645298463,1.75851245027307
18.09,-0.605224421867441,1.28781467011841,2.20053267429706,0.919782324421561,2.16661098711245,-1.64324141433203,1.73440885901652
18.13,-0.600661853171666,1.25715123847935,2.16295470339099,0.916877220797245,2.12148667187412,-1.59921515914488,1.70932137613498
18.17,-0.596906533459709,1.22579428712345,2.12532517720734,0.9144016392466,2.0754858881359,-1.55555009262891,1.683302134067
18.21,-0.593953548388368,1.19377333567594,2.08773239913319,0.91236927913561,2.02869270959642,-1.51241248033556,1.65640527867871
18.25,-0.59179514973569,1.16111820410354,2.05026372300809,0.910793911706843,1.98119166321574,-1.46996124449545,1.62868624656856
18.29,-0.590420717250686,1.12785896586318,2.01300514610172,0.909689341558574,1.93306738888124,-1.42834681623205,1.6002011431624
18.33,-0.589816729773598,1.0940259013246,1.97604091386546,0.909069366265104,1.88440430833706,-1.38771005277368,1.57100617947117
18.37,-0.589782952306329,1.05964584450271,1.93938271883262,0.908945757882845,1.83526994252066,-1.34812168385717,1.54126174393791
18.41,-0.590003598206451,1.02475855376581,1.90301637743857,0.908938284080459,1.78562213911738,-1.30956549687537,1.51138816980213
18.45,-0.591377818921386,0.989412996854326,1.86735489312834,0.908944513921693,1.73555534273843,-1.27245007926075,1.48108749043001
18.49,-0.593931377850542,0.953626283085013,1.83249950017803,0.909079744976879,1.6851689725757,-1.23693285577982,1.45032908778718
18.53,-0.597208046458257,0.917388379679983,1.79833107845455,0.91048527553248,1.63479238070919,-1.2030648440241,1.41868249500294
18.57,-0.600993826312591,0.880731883713394,1.76483787682239,0.913300711748722,1.58455535059037,-1.17083495639605,1.38618102104369
18.61,-0.605264594563966,0.843707348195106,1.73209505165513,0.917058038551194,1.53446389280797,-1.14022043075014,1.35309897832221
18.65,-0.610021014009729,0.806356755832655,1.70018219940338,0.921457509471956,1.48453140055512,-1.11121908322944,1.31964284918457
18.69,-0.61525682164088,0.768714443737645,1.66917012959906,0.926368553701521,1.43478753112012,-1.08384188749567,1.28594432786263
18.73,-0.62095292046052,0.730810506996406,1.63911890638824,0.931760438093282,1.38527663569021,-1.05809896438425,1.25207911663432
18.77,-0.62707827361125,0.692673240926558,1.61007820218654,0.937651697988489,1.3360540575429,-1.03398975997911,1.21808587894832
18.81,-0.633592671931916,0.654330434137609,1.58208871959731,0.944080121627599,1.28718163624524,-1.01149767523079,1.18398124331913
18.85,-0.640449507461899,0.615809908990616,1.55518360081682,0.951086826932069,1.23872361572803,-0.990588064820417,1.14977017155981
18.89,-0.647598018230996,0.577139645111379,1.52938955675206,0.958708927755137,1.19074352364164,-0.971208216174338,1.115452193034
18.93,-0.654984866431655,0.538347723253934,1.5047275978454,0.966977027935794,1.14330209815851,-0.953288305226336,1.08102458045826
18.97,-0.66255507010764,0.499462214526561,1.48121342705681,0.975915159299657,1.09645604942369,-0.93674268070003,1.04648354361551
19.01,-0.670252433059522,0.460511067930428,1.45885761178106,0.98554172786355,1.05025739222693,-0.921471166109152,1.01182429700895
19.05,-0.678019707931694,0.421522012232739,1.43766566112791,0.995870679652178,1.00475315376424,-0.907360289894803,0.977040588679393
19.09,-0.685798700849997,0.382522477755939,1.41763809128255,1.00691252556149,0.959985328594299,-0.894284457540469,0.942124064175814
19.13,-0.693530408574071,0.343539541088093,1.39877051021511,1.01867511579146,0.915990978908916,-0.882107097828284,0.907063688682099
19.17,-0.701155177211011,0.304599890838619,1.38105372616921,1.03116416841469,0.872802391681448,-0.870681805038207,0.87184534016427
19.21,-0.708612851203182,0.265729806939481,1.36447388373335,1.04438359182302,0.830447236512809,-0.859853493631869,0.836451605647068
19.25,-0.715842913559489,0.226955144796008,1.34901263587807,1.05833564751119,0.788948710269511,-0.84945958330257,0.800861763580218
19.29,-0.722784640261494,0.18830131882442,1.33464735659001,1.07302099975493,0.748325680287719,-0.839331228973131,0.765051916333092
19.33,-0.729377281917237,0.149793283529118,1.3213513907086,1.08843869374662,0.708592839582862,-0.829294599577822,0.728995236857853
19.37,-0.735560266746123,0.111455511930985,1.30909433402938,1.10458609376561,0.669760879297083,-0.819172198418317,0.692662299509924
19.41,-0.741273413478198,0.0733119716821857,1.29784233892965,1.12145880247292,0.631836679062194,-0.808784212813326,0.656021470382226
19.45,-0.746457149424395,0.0353860998100251,1.28755844400377,1.13905057516692,0.594823516061809,-0.797949881077042,0.619039336838604
19.49,-0.751052735092888,-0.00229922241333223,1.27820292701498,1.15735323866676,0.558721293367367,-0.78648886646564,0.581681160264115
19.53,-0.755002496355271,-0.0397216930886914,1.26973367917145,1.17635662155143,0.523526785624598,-0.774222628207504,0.543911340388636
19.57,-0.758250061428893,-0.0768596111176823,1.26210659705706,1.19604849982132,0.489233897234666,-0.760975779385363,0.505693883233088
19.61,-0.760740597389656,-0.113691895449912,1.25527598742615,1.21641455977492,0.455833926788407,-0.746577421352791,0.466992867468097
19.65,-0.76242104076757,-0.150198102383,1.24919497945154,1.23743837823274,0.423315831833075,-0.730862444927592,0.42777290596096
19.69,-0.763240317791816,-0.186358440968464,1.24381593864083,1.25910141910915,0.391666489179549,-0.713672789524842,0.387999600803596
19.73,-0.763317037345814,-0.222162269742402,1.23922161766465,1.28140939019504,0.360887236593168,-0.694866501978396,0.347617158232455
19.77,-0.76316413127783,-0.257616402505646,1.23577051182446,1.30442953645141,0.331015407443548,-0.674337743029334,0.306526725556699
19.81,-0.76165053955632,-0.292655747909486,1.23262546570877,1.32798663522464,0.301914621797442,-0.651886354188577,0.264833531380404
19.85,-0.758492279619459,-0.327248828589435,1.22954348749615,1.35200721793205,0.273553242789012,-0.627386023553642,0.222538344464362
19.89,-0.753983272290532,-0.361392667993181,1.22671147322223,1.37649531004177,0.24594900600362,-0.600756564481622,0.179585159539357
19.93,-0.74831808263397,-0.395082032819863,1.22425509827821,1.40144763323191,0.219105141814361,-0.571919921319713,0.135928787675654
19.97,-0.741564947558121,-0.428307614655086,1.22221425954734,1.4268480157107,0.193009957186268,-0.540801260535597,0.091539260109191
20.01,-0.733720440628418,-0.461057393072738,1.22057521009065,1.45267041554849,0.167643249433556,-0.507335648297622,0.0463994581743852
20.05,-0.724751079151406,-0.493318067731233,1.2192985358467,1.47888199497,0.142981355435872,-0.471472322442104,0.000501934382633737
20.09,-0.714615944439225,-0.525076069400974,1.21833639147566,1.50544540269481,0.118999723623605,-0.433176613012487,-0.0461531581943089
20.13,-0.703277043673097,-0.55631820933632,1.21764150216068,1.53232028704185,0.0956742168263476,-0.392430630413576,-0.0935593765952133
20.17,-0.690703167552103,-0.587032061558496,1.21717119040405,1.55946425077562,0.0729816862971504,-0.349233370234958,-0.141704602494867
20.21,-0.676870632492626,-0.617206126365513,1.21688859205819,1.58683339615047,0.0509003027819481,-0.303600585763326,-0.190571258273867
20.25,-0.661762734833155,-0.646829835552331,1.21676253569938,1.6143825993424,0.0294098413510859,-0.255564552252001,-0.240136311286646
20.29,-0.645363646491605,-0.675892236524024,1.21674515749605,1.64206581096942,0.00850333056275329,-0.205173575011863,-0.290384283807223
20.33,-0.6276507547364,-0.704380566936761,1.21673710709768,1.6698364401892,-0.0118040140786044,-0.152492362007234,-0.341320713626158
20.37,-0.608625718914488,-0.732287760411866,1.21673028498044,1.69764569576432,-0.0315337808066842,-0.0976025011920934,-0.392905529598379
20.41,-0.588295944114706,-0.759608138799688,1.21672554946709,1.72544350341551,-0.0507103298791855,-0.0406014929147197,-0.445088317581557
20.45,-0.56667234986731,-0.786336777360344,1.21672586763234,1.75317875584535,-0.0693582940331402,0.0183980445926587,-0.497809125322236
20.49,-0.54376776830055,-0.812469129072194,1.21673069670566,1.78079939257295,-0.0875015898449377,0.0792692761040494,-0.550999421273808
20.53,-0.519613254187944,-0.838003476225655,1.21681341698902,1.80825267259836,-0.10517725997634,0.141876278800213,-0.604548676678975
20.57,-0.494298214772752,-0.862946059192256,1.21734930048591,1.83548308076463,-0.122459999333473,0.20608713655557,-0.658223433803328
20.61,-0.46781664488144,-0.887287135104644,1.2182262737684,1.86243621125249,-0.139292017766833,0.27174359902669,-0.712016463202079
20.65,-0.440139533326455,-0.911013422655079,1.21920833729771,1.88905916957477,-0.155597912585934,0.338665723338599,-0.765972314944715
20.69,-0.411264815210758,-0.934116635057778,1.22017936916416,1.9152991590541,-0.171330345611942,0.406659146499986,-0.820095740505683
20.73,-0.381210540019517,-0.956592417670469,1.22111016055323,1.94110273685384,-0.186467253324923,0.475518649667786,-0.874352469601764
20.77,-0.350005898714261,-0.978438706827373,1.22201344704697,1.9664159511637,-0.201004392506443,0.545030721050277,-0.928678934064524
20.81,-0.317685429710703,-0.999654521597611,1.22291615596595,1.99118467187168,-0.214948078073597,0.614975717071334,-0.982991910523891
20.85,-0.284286076895687,-1.02023927795843,1.22384614090328,2.01535490009118,-0.228309300580544,0.685129862756582,-1.03719616846757
20.89,-0.24984596367196,-1.04019250312158,1.22482710371653,2.03887296323838,-0.241099458127266,0.755267049190388,-1.09119019506596
20.93,-0.2144040235785,-1.05951378258675,1.22587737098646,2.06168563788612,-0.253327629212206,0.825160402552893,-1.14487029691289
20.97,-0.178000013825361,-1.07820280530759,1.22701029001554,2.08374024659774,-0.264999136693882,0.894583627146982,-1.19813340746971
21.01,-0.140674636446516,-1.09625942069116,1.22823505152446,2.10498476123964,-0.276115090454516,0.96331218427768,-1.25087890919449
21.05,-0.102469650822082,-1.11368367548351,1.22955745948542,2.12536792477874,-0.286672592980445,1.03112438885371,-1.30300973372125
21.09,-0.0634279364786559,-1.13047583124829,1.23098047638204,2.14483939029934,-0.296665334895552,1.09780249697216,-1.35443296730164
21.13,-0.023593504030021,-1.14663637146626,1.23250452991202,2.1633498718902,-0.306084367346354,1.16313383074981,-1.40506014498321
21.17,0.0169885345664606,-1.1621660021762,1.23412762515139,2.18085130187883,-0.314918902483082,1.22691195691064,-1.45480737129168
21.21,0.0582720230660531,-1.17706564480679,1.23584531990671,2.19729699000406,-0.323157051968646,1.28893791234288,-1.50359536247552
21.25,0.100209833529532,-1.19133642014551,1.23765061624515,2.21264178083414,-0.330786461341894,1.34902145558804,-1.55134947023332
21.29,0.142753945417621,-1.20497962594426,1.23953380957199,2.22684220635596,-0.337794832052663,1.40698231719368,-1.59799972041481
21.33,0.185855525081655,-1.21799671287337,1.2414823251031,2.23985663151665,-0.344170342558926,1.4626514216566,-1.64348088136107
21.37,0.229465002289004,-1.23038926257531,1.24348056205294,2.25164539156008,-0.34990198761866,1.51587205687833,-1.68773256394687
21.41,0.273532142423688,-1.24215896891859,1.2455097589157,2.2621709209264,-0.354979855183196,1.56650097149833,-1.73069934805743
21.45,0.318006113981806,-1.25330762158336,1.24754788840352,2.2713978740112,-0.35939535730329,1.61440938468036,-1.77233092717681
21.49,0.362835551146668,-1.26383709084001,1.24956958736101,2.27929323822046,-0.36314142778975,1.65948389625961,-1.81258226253932
21.53,0.407968611104305,-1.27374931319099,1.25154612481977,2.28582643968927,-0.366212695979176,1.70162728769236,-1.85141373923199
21.57,0.453353025785041,-1.28304627829353,1.25344540994406,2.29096944192686,-0.368605642947778,1.7407592063607,-1.88879131745984
21.61,0.498936147998965,-1.29173001768103,1.25523204069078,2.29469683757251,-0.370318743904173,1.7768167277361,-1.92468667240176
21.65,0.544664992310009,-1.29980259543191,1.25686739336316,2.29698593337461,-0.371352598424154,1.80975479170521,-1.95907731585202
21.69,0.590486271253838,-1.30726610057457,1.25830975273409,2.29781682841028,-0.371710048796152,1.83954651088551,-1.99194669256069
21.73,0.636296185351621,-1.31409555054302,1.2595365300401,2.29782416147086,-0.371742494731547,1.86665626111843,-2.02337003442143
21.77,0.681991965873931,-1.32026809942933,1.26052047253801,2.29762746480684,-0.371769180392797,1.89149997552009,-2.05342399215428
21.81,0.727662060021616,-1.32591782988536,1.2611142445681,2.29518369995685,-0.371787595871595,1.91295078585934,-2.08188249264483
21.85,0.773293173276994,-1.33108074391124,1.26125454457251,2.28995384101335,-0.371775331364268,1.93073314998633,-2.10874315533706
21.89,0.818772350840518,-1.33570119525811,1.26125915559439,2.28262736853153,-0.37170447946752,1.94517504440781,-2.13428196491219
21.93,0.864026535773769,-1.33965869926726,1.26125716385234,2.27368920285776,-0.369778717981723,1.95623275464779,-2.15855933076962
21.97,0.909006831531072,-1.34289444444994,1.26095683825753,2.26334779759215,-0.364843816467815,1.96397336718518,-2.18139719356716
22.01,0.953671781436883,-1.34550316125163,1.25931741653893,2.25161272721885,-0.358282631132885,1.96897774689801,-2.20235714465526
22.05,0.997950332643017,-1.34752379616605,1.25643488303948,2.23850266569598,-0.351080137988599,1.97156175085635,-2.2215488992
22.09,1.04177394654368,-1.34896488115734,1.25263939985108,2.22404120724151,-0.343701310166557,1.9720329752101,-2.23925277726866
22.13,1.08511194929606,-1.34981694204277,1.24804843277138,2.20837512133022,-0.33644781822523,1.972041640775,-2.25609923688636
22.17,1.12791339883982,-1.3500814264442,1.24267319827719,2.19152624780716,-0.329342296364703,1.97194870362835,-2.27230409920434
22.21,1.17005865927966,-1.35008377091134,1.23651459038581,2.17310496095737,-0.322219059519515,1.96890210964633,-2.28716067528495
22.25,1.21145534853498,-1.35006337125203,1.22953305072221,2.15287566055176,-0.314988536261329,1.96133535918943,-2.30024711733823
22.29,1.25209752866914,-1.34927907829564,1.22167893479013,2.13116335991564,-0.307315523760369,1.9509499309136,-2.31173392665312
22.33,1.29196494073224,-1.34729674630646,1.21288618482837,2.1082028394598,-0.299043215545565,1.93907071982517,-2.32185353950694
22.37,1.33100738066543,-1.34442872532084,1.20305422073058,2.08400972578802,-0.290382218579947,1.92634633990235,-2.33089807240585
22.41,1.36916894565338,-1.34093018981418,1.19210482733529,2.05858274814338,-0.281513315916017,1.91310067641798,-2.33906319771072
22.45,1.40639368768943,-1.33691864601618,1.17998450263547,2.03193338281255,-0.272550126806295,1.89952068443403,-2.34645820004744
22.49,1.44262644892717,-1.33242854902145,1.16665622933377,2.00408486694548,-0.263559875364906,1.8857481652048,-2.35313875547557
22.53,1.47781287822613,-1.32745773829686,1.15209347006483,1.97506918816864,-0.254584637058616,1.87192122494687,-2.359133653936
22.57,1.51189946415869,-1.32199276170627,1.13627677272162,1.94492496860135,-0.245655839347496,1.85818968749056,-2.36446167342779
22.61,1.54483366235507,-1.31601988003687,1.11919226729593,1.91369604200419,-0.236802493206593,1.84471765969289,-2.36914041463
22.65,1.57656402747446,-1.30952873955345,1.10083125280006,1.88143038578166,-0.228055102067185,1.8316804135424,-2.37318976788947
22.69,1.60704027865706,-1.30251305322926,1.08119032190194,1.84817924634555,-0.219447026245998,1.81925934314106,-2.37663229508078
22.73,1.63621330763477,-1.29497030773235,1.06027169691863,1.81399643713894,-0.211014465339416,1.80763684486351,-2.37949208935096
22.77,1.66403519204941,-1.28690115691664,1.038083581736,1.77893783014529,-0.202795719191908,1.79699189109073,-2.38179306574734
22.81,1.69045926414826,-1.27830867535716,1.01464044052679,1.74306102674225,-0.194830137288295,1.78749647283439,-2.3835572376377
22.85,1.71544023847807,-1.26919761015788,0.989963182480821,1.70642514720901,-0.187157053463558,1.77931281608008,-2.38480327217396
22.89,1.7389343680404,-1.25957379338999,0.964079266811268,1.66909066733611,-0.179814897058441,1.77259120741792,-2.38554543265811
22.93,1.76089959820017,-1.24944380178759,0.937022745743605,1.63111925725979,-0.17284054310685,1.76746828670472,-2.38579288955593
22.97,1.78129573417808,-1.23881608553837,0.908849691305667,1.59257217452341,-0.166274417421664,1.76413174369851,-2.38582703098797
23.01,1.80008469127475,-1.22769896284373,0.879618514862422,1.55351125212488,-0.160152233505905,1.76273363510957,-2.38585463279083
23.05,1.81722104763841,-1.2161000086721,0.849421479486225,1.51390805436807,-0.154439273799954,1.76268425115316,-2.38587913647772
23.09,1.83265282800724,-1.20402361744514,0.81839189308747,1.47365389755523,-0.149038412277009,1.76269632305842,-2.38586956955842
23.13,1.84636846488617,-1.19147818410586,0.786537276674518,1.43295074786819,-0.144083111723842,1.76397401421065,-2.38583102575332
23.17,1.85838721995238,-1.17847991223812,0.753662907029295,1.39231771139696,-0.139898460868308,1.76980292981867,-2.38436740125698
23.21,1.86866939670114,-1.16503530606501,0.719817927593438,1.35177091685913,-0.136436531887085,1.77924194498142,-2.38035912303173
23.25,1.87717232799376,-1.1511534217825,0.685203647250493,1.31122396153169,-0.133610364434428,1.79119892904134,-2.37481939735958
23.29,1.88386572856707,-1.13684673669812,0.649988286654015,1.27064214107826,-0.131365718008291,1.80511688994566,-2.36850637805693
23.33,1.88872949285036,-1.12212895915625,0.614299758551437,1.2300390029916,-0.129678645873223,1.82077275227088,-2.36173903095746
23.37,1.89175029131289,-1.10701380182003,0.578243602199988,1.18945925518578,-0.128544017196838,1.83809511745239,-2.35457328745047
23.41,1.89291963594649,-1.09151459131222,0.541915459047875,1.14896443943686,-0.127964538787009,1.85705866240562,-2.34693883496739
23.45,1.8927233741088,-1.07560434681798,0.505095241766178,1.10852730252961,-0.127741855269791,1.87772942671151,-2.33880289989205
23.49,1.89069978276503,-1.05932143792851,0.46810892012777,1.06833360324268,-0.127702644336537,1.89989094692242,-2.32991982033498
23.53,1.88638150422069,-1.04271626450795,0.431320555309248,1.02855139798725,-0.127671471644189,1.92332659720732,-2.32005614066686
23.57,1.8799878141534,-1.02579348120869,0.394706165346289,0.989195364140215,-0.127649745306988,1.9479840826759,-2.30911375706879
23.61,1.87170664306728,-1.0085605397855,0.358265945059311,0.950281339940539,-0.127661397094307,1.97377908256167,-2.29701516016599
23.65,1.86163201347708,-0.991030909806391,0.322044887634782,0.911841244111981,-0.127696355353967,2.00057872589124,-2.28368052861702
23.69,1.84978027540043,-0.973233749476391,0.28630212058414,0.873873071411133,-0.128934801547994,2.02836702310246,-2.26925498334688
23.73,1.83614669089939,-0.955194772494593,0.251378141929813,0.836370812633757,-0.132998558189882,2.05712354713882,-2.25397212096367
23.77,1.82076928832356,-0.936912513100617,0.21725941643565,0.799413222706973,-0.138765926145599,2.08649284015018,-2.23767954009905
23.81,1.80368899084874,-0.918389478889912,0.183917080834302,0.763077557275534,-0.145182643852524,2.11613108035831,-2.22020615559194
23.85,1.78494330625257,-0.899636223900622,0.151372974819274,0.727425282099176,-0.151704657027339,2.14574359601913,-2.20142434913285
23.89,1.76456938617802,-0.880668945790823,0.119685681026889,0.692504644658907,-0.15812346122242,2.17506905189936,-2.1812460470336
23.93,1.74260641524476,-0.861506972464704,0.0889348110455194,0.658354207301194,-0.164402222443541,2.20386471434032,-2.15961403722672
23.97,1.7190971977219,-0.842171016741211,0.0592083900325939,0.625005702689158,-0.170573992422169,2.23189663106289,-2.13649321358535
24.01,1.6940889427865,-0.822682195121217,0.0305944077419744,0.592486154394581,-0.176686993650686,2.25893409797735,-2.11186336053826
24.05,1.66763351047785,-0.803061589452849,0.00317567495410161,0.560819258995357,-0.182779225014677,2.28474737129727,-2.08571401486634
24.09,1.63978731475344,-0.783330101949088,-0.0229728705200895,0.530026195509258,-0.188869625081211,2.30910754484811,-2.05804133502404
24.13,1.61061104079828,-0.763508442629327,-0.0477852760802035,0.500126018323527,-0.194957634476664,2.331787713889,-2.02884657045723
24.17,1.58016927686888,-0.743617166083151,-0.071204783778626,0.47113577871022,-0.201026348281907,2.35256480333442,-1.99813563166741
24.21,1.54853012170257,-0.723676719302311,-0.093183607642797,0.443070492230891,-0.207046667210394,2.3712216581729,-1.9659193156348
24.25,1.51576480592845,-0.703707479796083,-0.113682570069394,0.415943040653475,-0.212981216551319,2.38754915455417,-1.93221385055611
24.29,1.48194735018455,-0.683729772000429,-0.132670750837563,0.389764066570957,-0.21878757352093,2.40134819783672,-1.89704153470211
24.33,1.44715426713148,-0.66376385983801,-0.150125210594272,0.364541890140718,-0.224420735685333,2.41243154507144,-1.86043133192751
24.37,1.41146429896297,-0.643829922677962,-0.166030796241411,0.340282456139134,-0.229834930162859,2.42062543462063,-1.82241934818193
24.41,1.37495817137861,-0.623948025826532,-0.180380008998416,0.316989308756629,-0.234984910489565,2.42577103027686,-1.78304915506933
24.45,1.33771834351749,-0.604138093461664,-0.193172907122748,0.294663589525166,-0.239826880583859,2.42772569543485,-1.74237195390395
24.49,1.29981471735504,-0.584420285444362,-0.204490859954481,0.273463033303878,-0.244445193365417,2.42775125027286,-1.7007165936252
24.53,1.26131175647651,-0.564818154427789,-0.214425915924884,0.253546690083896,-0.248952694353598,2.42739101426023,-1.65837287885432
24.57,1.22234804396963,-0.545338291144014,-0.222778158255066,0.234437944739061,-0.252943947670654,2.42199290882086,-1.61458587972375
24.61,1.18302764194632,-0.525999635143691,-0.229497335235451,0.215971261151402,-0.256245947196385,2.41000452764056,-1.56924282928779
24.65,1.14341696900423,-0.506831453266982,-0.234690133921329,0.198274722829739,-0.258919395571021,2.39296091847114,-1.52269352140863
24.69,1.1035891519806,-0.487856613961093,-0.238454936091135,0.181446018709576,-0.261016291068505,2.37195939806851,-1.47522149337923
24.73,1.06362504811407,-0.46909253275622,-0.240870642639475,0.165534263450159,-0.262564252235377,2.34751940833215,-1.42702743976775
24.77,1.02360925730864,-0.450554535190123,-0.242004236511359,0.150552705336569,-0.263571701383731,2.31982331453403,-1.37825720663106
24.81,0.983650401158259,-0.432254291325008,-0.242120553582609,0.136525444703996,-0.26399239002172,2.28896254515011,-1.32903644189891
24.85,0.943941296658805,-0.414193722127665,-0.242114671870351,0.12355291158526,-0.264134151867932,2.25526855109081,-1.2795394741433
24.89,0.904517795927336,-0.396393392063641,-0.241513342512347,0.111523256904231,-0.264176216427637,2.21861536957911,-1.22979173649868
24.93,0.865259652556595,-0.378890699343243,-0.238576581864683,0.100152532598421,-0.264205489345635,2.17848631735681,-1.179774517989
24.97,0.826253533302234,-0.361704585889845,-0.233530963625146,0.0894125410934734,-0.264193909204159,2.13496557767212,-1.12956259576511
25.01,0.787650033973525,-0.344844891679639,-0.227120456665087,0.0793492544368194,-0.26415803547571,2.08833806580532,-1.07924280515379
25.05,0.749550799453819,-0.328322383716623,-0.219891368116705,0.0700015497826625,-0.263541715963079,2.03871758175819,-1.02891876662636
25.09,0.711979861139818,-0.312155160197696,-0.212418794829051,0.0614255189091221,-0.260071606530567,1.98579797309025,-0.978864313462054
25.13,0.675023031619766,-0.296351246208885,-0.204757489016397,0.0535972491943738,-0.254342495950091,1.92987737351662,-0.929306052717479
25.17,0.638775083473095,-0.280916774601229,-0.196811518114255,0.046466138375901,-0.247557586372263,1.87138552218958,-0.88041034120825
25.21,0.603310463109106,-0.265860224427299,-0.188524580918413,0.039985448671374,-0.240415889614678,1.81067748628972,-0.832298362081905
25.25,0.568688219683937,-0.251191542904693,-0.179891731457712,0.0341131978795348,-0.23321368945625,1.74804292484594,-0.78505967750272
25.29,0.534957745123112,-0.236920989180548,-0.170947465082189,0.0288111339339169,-0.226021201983823,1.68373161825007,-0.738768962161459
25.33,0.50216235301566,-0.223058358850868,-0.16175137501995,0.0240439066767595,-0.218805822831642,1.61797485608222,-0.693497689740962
25.37,0.470341149134981,-0.209612576042407,-0.152376206228913,0.0197783548122205,-0.211503875455076,1.55100000457492,-0.649319456135131
25.41,0.439529757700211,-0.196591536585517,-0.142899286985661,0.0159829059683747,-0.204056783049693,1.48303869205714,-0.606310665123712
25.45,0.409760412203973,-0.184002087018844,-0.133397079486456,0.012627105982357,-0.196425575222589,1.41433009238298,-0.564548742603396
25.49,0.381061789608031,-0.171850048855312,-0.123942108100073,0.00968129684066795,-0.188593635358634,1.34512097394013,-0.524109539037291
25.53,0.353458793519889,-0.160140246570551,-0.114601465245076,0.00711643352706777,-0.180563995065543,1.27566393691326,-0.48506488259752
25.57,0.326972356469345,-0.148876534092989,-0.105436241700632,0.00490401076942537,-0.172354787160336,1.20621485981892,-0.447480679945944
25.61,0.30161927753086,-0.138061822313545,-0.0965014274912699,0.00301606940937671,-0.163994684052304,1.1370301771183,-0.411415618443227
25.65,0.277412110568636,-0.127698103644876,-0.087846006970092,0.00142525670879474,-0.1555190819202,1.06836429709162,-0.376920368865374
25.69,0.254359118209419,-0.117786467429526,-0.0795131004933526,0.000104918288977614,-0.146967212376145,1.00046727061894,-0.344037148189281
25.73,0.232464290055996,-0.108327105478403,-0.0715400879629759,-0.000970797584995631,-0.1383800882281,0.933582720057639,-0.312799515372189
25.77,0.211727407579972,-0.0993193124380064,-0.0639586991161817,-0.00182683750270107,-0.129799095250475,0.867945996437201,-0.283232303880811
25.81,0.192144137749975,-0.0907614856812598,-0.056795082010733,-0.00248714972652699,-0.121265045019341,0.803782521809581,-0.255351627327109
25.85,0.173706147650387,-0.0826511261718638,-0.0500698713934424,-0.0029746025801048,-0.112817546815945,0.741306275790185,-0.229164921522206
25.89,0.15640123957477,-0.0749848397458215,-0.043798278389582,-0.00331091405875026,-0.104494603179309,0.680718394395613,-0.204671004239314
25.93,0.140213505485649,-0.067758338652196,-0.0379902177450127,-0.00351659161086275,-0.0963323683411317,0.622205860632458,-0.181860144569335
25.97,0.12512349662456,-0.0609664440803788,-0.0326504824089639,-0.00361088095849571,-0.0883650289404931,0.565940276216238,-0.160714142302052
26.01,0.111108285469608,-0.0546066571794784,-0.0277768954661593,-0.00362929169764065,-0.0806261443462439,0.512065520926068,-0.141205800148772
26.05,0.0981415053991909,-0.0486829617384784,-0.023357920743825,-0.00364518871311561,-0.0731503078191564,0.460684623667963,-0.123297921049445
26.09,0.0861942280481527,-0.0431854022398301,-0.0193857516180397,-0.00366118543240642,-0.0659643597178743,0.411923099276858,-0.106949436415481
26.13,0.0752348627033374,-0.0381020631930764,-0.0158491817450526,-0.00367402055964761,-0.0590932204704553,0.365889967699724,-0.0921114121855276
26.17,0.0652292340710437,-0.0334215122209462,-0.0127324170214096,-0.00368722679757186,-0.0525602988687988,0.322670160113858,-0.0787270457789035
26.21,0.0561409400904416,-0.029130281661977,-0.0100177566528074,-0.00369675861043275,-0.0463861794365589,0.282332605146705,-0.0667324833446221
26.25,0.0479313528857765,-0.0252157529936358,-0.00768332174244754,-0.00370599458171979,-0.0405898287775077,0.244919338776714,-0.0560578493841842
26.29,0.0405601041725648,-0.0216631596625813,-0.00570568179716822,-0.00371092038163678,-0.0351870735222066,0.210454950489325,-0.0466282632375575
26.33,0.0339849777557574,-0.018457584841695,-0.00405840133475869,-0.00370857855565837,-0.030190765036164,0.178940231333645,-0.0383655776275866
26.37,0.0281627020702972,-0.0155846351168563,-0.00271406825635401,-0.00370034464239047,-0.0256100842743545,0.150352573381264,-0.0311878749293554
26.41,0.0230486430067583,-0.0130292537293754,-0.00164206514728079,-0.00369014905512692,-0.0214506800570058,0.124644898165802,-0.0250124660549136
26.45,0.0185972944577014,-0.0107752555844394,-0.000812219171652845,-0.0036770707306683,-0.0177128709463743,0.101752107771628,-0.0197562472114276
26.49,0.0147627484384951,-0.00879763377243785,-0.000198821235703213,-0.00362124478357261,-0.0143902306362806,0.081613399411547,-0.0153362346211326
26.53,0.0114995746220364,-0.00702325042323214,0.000194675875700998,-0.00322993245982192,-0.0114592805710653,0.0642961423268618,-0.0116780581872225
26.57,0.0087608602427288,-0.00544935144147657,0.000407921474952733,-0.00258775107470047,-0.00890969434372745,0.0496281785195408,-0.00869857942841063
26.61,0.00649881358526816,-0.00410048766108763,0.00049511111330303,-0.00191649872981626,-0.00673273409983486,0.0373438486874764,-0.00631227681765602
26.65,0.00466346604034533,-0.00298184894413545,0.000513988159824535,-0.00133669394477916,-0.00491784378063815,0.0272111465037598,-0.00444639657150248
26.69,0.00320300301939849,-0.00208298845743436,0.000530217908182592,-0.000891289830197698,-0.00345171121671795,0.0190265269789313,-0.0030399074959834
26.73,0.00207344276808305,-0.00138429112684974,0.00054660987797308,-0.000575203381761993,-0.00230520091512225,0.0125971389846997,-0.00201693511977262
26.77,0.00123183514329795,-0.000862606708711618,0.000562010213043739,-0.000370466535045445,-0.00145017638672979,0.0077268839318161,-0.00130331379612328
26.81,0.000636469163109949,-0.000493333952548635,0.000579450124001168,-0.000260815607380612,-0.000924911312820851,0.00420305145146879,-0.000786310198210789
26.85,0.000242752815457499,-0.00024377159001021,0.000593426995527677,-0.000179232954182692,-0.000557990613524418,0.00186087620275361,-0.00048392473860129
26.89,3.36242416651056e-06,-8.96096881849278e-05,0.000606660411528632,-0.000107982486683544,-0.00023273773721489,0.000549594867127171,-0.00019202896978715
26.93,-9.29332252619372e-05,-7.23132465347485e-06,0.000617105127313195,-5.86840236096127e-05,8.65112434732611e-06,-9.47552148374176e-06,5.28714419213995e-05
26.97,-0.000149851675709156,2.2961810283453e-05,0.000626912605363112,-1.67090117842743e-05,0.000207582250770386,-0.000117884533282247,0.000209900534839385
27.01,-0.000191708860845627,3.66473365873464e-05,0.00063623727668567,1.58220093467756e-05,0.000371531605898033,-0.000197189076673092,0.000324037173475821
